"state","state_ab","cd","total_population","pct_male","pct_18_and_older","pct_senior","median_age","pct_white","pct_black","pct_amer_indian","pct_asian","pct_pi","pct_latino","total_housing_units","year","average"
"Alabama","AL","AL-1",694523.5,48.25,76.05,15,38.55,68.95,28.6,1.55,1.65,0,2.9,326995.5,2012,TRUE
"Alabama","AL","AL-2",682804,48.55,76.4,14.75,37.8,65.75,32.55,1.15,1.25,0.05,3.2,306668,2012,TRUE
"Alabama","AL","AL-3",690850.5,48.75,77.35,13.95,37.15,68.25,29.65,0.85,1.65,0.05,2.65,319073.5,2012,TRUE
"Alabama","AL","AL-4",674223.5,48.7,76.95,16.25,40.6,90.9,6.9,1.45,0.65,0.05,6.5,304859.5,2012,TRUE
"Alabama","AL","AL-5",713021,49,77.35,14.4,39.05,78.45,18.75,1.75,2,0.2,4.6,315292.5,2012,TRUE
"Alabama","AL","AL-6",726794.5,48.45,76.35,13.9,38.45,81.7,14.45,0.7,2.05,0.05,4.8,309432.5,2012,TRUE
"Alabama","AL","AL-7",636014,47.05,77.15,13.15,35.15,34.95,63.6,0.5,0.85,0.05,2.55,303791.5,2012,TRUE
"Alaska","AK","AK-1",728925,52.1,74.2,8.5,33.5,73.45,5.05,19.5,7.2,1.6,6.2,309299.5,2012,TRUE
"Arizona","AZ","AZ-1",753408,51.1,76.05,16.55,38.15,71.2,2.4,22.75,1.8,0.45,20.85,352132,2012,TRUE
"Arizona","AZ","AZ-2",847891,49.1,77.9,19.15,40.45,86.05,5.1,2.85,3.95,0.3,23.3,398407.5,2012,TRUE
"Arizona","AZ","AZ-3",733977.5,49.8,73.35,10.65,34.25,82.85,4.85,3.5,3.6,0.25,40.2,298593.5,2012,TRUE
"Arizona","AZ","AZ-4",719551,51.25,74.25,15.55,37.45,81.05,6,3,2.2,0.4,42.15,325768,2012,TRUE
"Arizona","AZ","AZ-5",714963.5,49.15,76.2,14.25,36.9,86.85,4.75,2.45,6.05,0.35,16.65,315760.5,2012,TRUE
"Arizona","AZ","AZ-6",856974.5,49.3,75.3,15,38.25,87.6,4.4,2.15,4.85,0.4,18.9,381558,2012,TRUE
"Arizona","AZ","AZ-7",798805.5,50.35,70.35,8.9,30.15,71.3,8.1,5.45,2.5,0.2,60.8,299595.5,2012,TRUE
"Arizona","AZ","AZ-8",758268,48.2,78.2,20.2,41.9,87.55,4.85,1.8,4.35,0.35,20.95,344592,2012,TRUE
"Arkansas","AR","AR-1",709717,49.7,76.05,16.35,39,80.75,18.1,1.1,0.65,0.1,2.9,325811.5,2012,TRUE
"Arkansas","AR","AR-2",756307.5,48.8,76.2,13.8,36.45,75.15,22.45,1.15,1.85,0.1,5.15,335660,2012,TRUE
"Arkansas","AR","AR-3",796685,49.65,74.75,13.05,35.3,88.45,4.05,2.75,2.9,0.5,12.8,341376.5,2012,TRUE
"Arkansas","AR","AR-4",685966.5,49.15,76.65,17.05,40.45,74.25,22.95,1.25,0.6,0,5.1,324276,2012,TRUE
"California","CA","CA-1",707236.5,50.3,79.15,16.4,39.9,86.05,2.35,4.45,5.95,0.55,18.45,311154,2012,TRUE
"California","CA","CA-2",710044,49.8,78.05,16.45,40.7,85.45,2.6,3.95,5.5,0.55,18.65,310964,2012,TRUE
"California","CA","CA-3",754249.5,49.75,75.95,12.8,36.7,72.45,7.95,2.55,12.25,1.05,22.7,288090.5,2012,TRUE
"California","CA","CA-4",743125.5,49.8,78.4,17.55,43,89.15,2.1,2.85,6.4,0.55,12.25,357922,2012,TRUE
"California","CA","CA-5",714870.5,49.1,76.55,13,36.5,63.75,12,2.8,17.35,1.8,27.1,283430.5,2012,TRUE
"California","CA","CA-6",699751,49.15,76.75,13.25,37.55,71.3,9.25,2.15,12.5,1.15,24.5,284222.5,2012,TRUE
"California","CA","CA-7",693246,49.3,76,12.55,37.4,64.8,12.85,2.05,18,1.55,23.55,262621,2012,TRUE
"California","CA","CA-8",694346.5,50.6,79.8,12.8,35.85,66.5,8.65,2,19,0.85,28.4,313739,2012,TRUE
"California","CA","CA-9",689291.5,48.4,76.1,12.2,35.45,57,16.45,2.95,19.3,0.95,29.5,262708,2012,TRUE
"California","CA","CA-10",723929,49.5,73.7,12.05,36,73.2,6.9,1.9,12.85,1.1,31.25,257368.5,2012,TRUE
"California","CA","CA-11",765009,49.35,74.9,13.1,37.85,69.75,7.85,1.6,16.85,1.05,26.3,280124,2012,TRUE
"California","CA","CA-12",694675.5,49.8,83.5,14.3,39.35,55.2,4.85,1.15,35.45,1.25,17.05,299157,2012,TRUE
"California","CA","CA-13",705532.5,49.5,78.45,11.8,36.75,46,14.9,1.65,31.6,1.6,24.05,267649.5,2012,TRUE
"California","CA","CA-14",693583,49.75,78.55,13.95,38.85,61.3,3.7,0.95,30,1.35,22.9,259390,2012,TRUE
"California","CA","CA-15",715766,49.3,75.75,11.35,37.35,52.85,5.2,1.4,36.55,1.55,22.8,247004,2012,TRUE
"California","CA","CA-16",695221,50.35,72.25,10,32.5,56.55,5.8,1.9,20.75,0.75,49.55,220967,2012,TRUE
"California","CA","CA-17",702395,50.35,76.25,11,34.9,58.05,3.3,1.2,30.9,0.75,33.4,244369,2012,TRUE
"California","CA","CA-18",736092.5,50.4,73.25,11.75,35.3,70.55,4.95,1.65,17.2,0.95,35.3,260391.5,2012,TRUE
"California","CA","CA-19",756633,49.65,74.7,11.7,34.95,63.1,4.15,2.2,18.25,0.9,40.45,257567,2012,TRUE
"California","CA","CA-20",733733,52.05,71.6,9.5,31.1,72.85,4.8,2.15,7.05,0.5,60.7,225082.5,2012,TRUE
"California","CA","CA-21",754875.5,51.55,68.4,9,29.55,73.4,4.2,2.3,6.05,0.15,62.5,230719,2012,TRUE
"California","CA","CA-22",765656,50.5,73,11.6,33.7,79.7,6.15,2.35,6.95,0.4,39.15,278904.5,2012,TRUE
"California","CA","CA-23",711877.5,50.05,74.65,11.6,32.85,79.65,4.7,1.95,6.65,0.5,44.2,257781,2012,TRUE
"California","CA","CA-24",708248.5,50.1,77.6,14.5,37.85,78.45,2.7,2.05,7.2,0.55,32.35,263360,2012,TRUE
"California","CA","CA-25",785631,50.55,71.1,9.65,33.8,67.55,9.9,2.25,8.95,0.55,39.05,263813.5,2012,TRUE
"California","CA","CA-26",705985.5,49.3,76.1,13.1,37.7,72.8,4.4,1.5,15.5,0.7,37.05,244592.5,2012,TRUE
"California","CA","CA-27",709972.5,48.95,79.2,14.1,38.8,54.35,5.1,1.1,27.85,0.45,35.05,252842.5,2012,TRUE
"California","CA","CA-28",676482,50,79.9,11.8,36.2,70.6,4.4,0.9,11.45,0.25,41,269711.5,2012,TRUE
"California","CA","CA-29",669652,48.95,78.1,12,36.7,60.9,4.85,1.05,19.15,0.35,46.8,230502,2012,TRUE
"California","CA","CA-30",715177,49.05,81.4,14.55,39,74.95,4.85,1.1,14.45,0.4,21.25,302588,2012,TRUE
"California","CA","CA-31",669831.5,50.5,74.7,9.3,32.8,53.3,8.5,1.25,12.1,0.5,59.9,220244.5,2012,TRUE
"California","CA","CA-32",670311,49.2,75.45,11.8,34.7,50.15,3.35,1.2,20.85,0.25,63.25,192276.5,2012,TRUE
"California","CA","CA-33",681243,48.5,80.45,13.6,38.1,58.05,14.8,1.35,15.45,0.4,25.75,298421.5,2012,TRUE
"California","CA","CA-34",683171.5,51.25,74.45,9.1,32.15,50.15,5.3,1.3,12.9,0.35,72.9,222656,2012,TRUE
"California","CA","CA-35",692835.5,48.95,71.5,8.7,31.4,50.3,19.35,1.6,7.65,0.65,60.9,209954.5,2012,TRUE
"California","CA","CA-36",695461.5,49.5,76.6,15.55,37.9,70.65,5.25,2.1,11.35,0.95,40.45,311397.5,2012,TRUE
"California","CA","CA-37",698437,48.3,75.6,10.05,32.9,47.1,24.45,2.5,11.4,1.15,44.75,247047,2012,TRUE
"California","CA","CA-38",685872,49.05,74.75,12.2,34.5,60.6,4.45,1.45,14.5,0.6,67.15,198032.5,2012,TRUE
"California","CA","CA-39",683439.5,48.95,75.05,11.15,35.1,52.4,4.2,1.4,21.5,0.6,50.7,207698,2012,TRUE
"California","CA","CA-40",706389.5,49.45,72.65,10,32.5,58.8,4.3,0.9,12.45,0.5,62.35,200569.5,2012,TRUE
"California","CA","CA-41",761390,49,73,10.85,33,67.5,9.45,2,6.1,0.6,46.75,271240,2012,TRUE
"California","CA","CA-42",709128,50.45,74.4,11.45,36.45,69.2,5.05,1.65,17.1,0.45,33.5,229820,2012,TRUE
"California","CA","CA-43",745075.5,48.3,71.85,8.65,31.15,50.8,17.5,2.3,10.05,0.65,59.2,228507.5,2012,TRUE
"California","CA","CA-44",787673,49.95,72.15,9.15,32.15,60.7,12.3,2.05,8.75,0.7,56.6,228597,2012,TRUE
"California","CA","CA-45",835130.5,49.4,75.75,14.4,38,69.2,5.45,1.3,15.35,0.5,32.3,333414,2012,TRUE
"California","CA","CA-46",691709,49.95,76.5,12.6,36.45,64.45,2.4,0.9,16.9,0.55,43.05,228405.5,2012,TRUE
"California","CA","CA-47",679858,50.1,73.7,9.85,33.05,56.4,5.5,1.8,20.55,0.9,51.6,209587.5,2012,TRUE
"California","CA","CA-48",729707,49.25,78.2,13.75,39.5,71.25,1.8,0.95,21.6,0.85,19.2,289901.5,2012,TRUE
"California","CA","CA-49",765180.5,50.75,75.5,12.2,35.15,77,5.1,1.85,7.3,1.25,31.75,279220.5,2012,TRUE
"California","CA","CA-50",752563.5,49.5,76.1,12.9,37.6,80.8,3.25,1.75,12.35,0.8,26.2,267495,2012,TRUE
"California","CA","CA-51",759145,50,72.25,10.3,31.5,66.15,8.35,1.65,12.05,0.65,66.5,228750.5,2012,TRUE
"California","CA","CA-52",692664.5,49.55,78.4,13.1,36.8,78.8,4.7,1.7,16.55,0.9,16.45,275926,2012,TRUE
"California","CA","CA-53",703712,51.2,79.75,10.65,33.25,72.45,8.9,1.9,13.6,0.95,33.55,288326,2012,TRUE
"Colorado","CO","CO-1",726181,50.05,78.65,10.75,34.3,78.75,10.4,2.25,4.5,0.3,29.5,330947.5,2012,TRUE
"Colorado","CO","CO-2",747970,50.8,78,10.5,35.75,91.85,1.65,1.65,4.4,0.2,15.15,351593.5,2012,TRUE
"Colorado","CO","CO-3",713363.5,50.05,77.2,15.25,39.8,90.55,1.6,3.6,1.25,0.25,24.35,355011.5,2012,TRUE
"Colorado","CO","CO-4",744372.5,50.5,75.4,12.25,36.6,90.75,1.8,1.9,2.4,0.25,21.3,297631.5,2012,TRUE
"Colorado","CO","CO-5",744025.5,50.8,75.7,11.65,35.6,86.4,7.5,2.35,4,0.7,14.9,309417,2012,TRUE
"Colorado","CO","CO-6",791048.5,49.15,73.2,10.25,37.45,84.35,7.5,1.55,5.85,0.25,14.9,303467.5,2012,TRUE
"Colorado","CO","CO-7",725620.5,50.25,75.55,11.8,35.45,87.15,4.95,2,4.2,0.35,28,287907.5,2012,TRUE
"Connecticut","CT","CT-1",714725.5,48.1,78.35,15.7,40.55,74.4,16.55,0.75,5.05,0.2,15.45,305665.5,2012,TRUE
"Connecticut","CT","CT-2",719914.5,50.15,79.3,14.65,41.1,90.15,5.6,1.5,3.9,0.15,7.25,303490,2012,TRUE
"Connecticut","CT","CT-3",715481.5,47.75,79.1,15.3,39.5,76.65,14.5,0.65,4.5,0.05,13.55,299629,2012,TRUE
"Connecticut","CT","CT-4",727781,48.75,75.05,13.55,39.25,75.2,13.2,0.45,5.85,0.1,17.8,281013.5,2012,TRUE
"Connecticut","CT","CT-5",710492,48.75,77.5,14.65,41.25,82.35,7.8,0.75,3.9,0.15,17.05,301259,2012,TRUE
"Delaware","DE","DE-1",916442,48.45,77.7,15.35,39.1,71.9,23.35,1.1,4,0.05,8.55,410897,2012,TRUE
"District of Columbia","DC","DC-1",632222.5,47.35,82.8,11.35,33.6,42.5,50.7,0.95,4.65,0.1,9.8,300941.5,2012,TRUE
"Florida","FL","FL-1",714380,50.2,78.15,14.7,38.25,80.95,15.45,1.85,3.6,0.3,5.7,335486.5,2012,TRUE
"Florida","FL","FL-2",727825,50.25,80.05,13.5,36.65,72.2,25.05,1.3,2.7,0.1,5.65,361948.5,2012,TRUE
"Florida","FL","FL-3",686903.5,49.55,76.75,13.6,35.95,60.35,34.8,0.85,3.25,0.35,9.55,299935,2012,TRUE
"Florida","FL","FL-4",723541.5,49.85,78.85,13.5,38.4,80.15,14.85,0.75,5.4,0.15,7.7,322099,2012,TRUE
"Florida","FL","FL-5",844018.5,48.95,77.5,18.55,40.5,65.45,30.75,1,2.6,0.2,12,385214.5,2012,TRUE
"Florida","FL","FL-6",772694,48.55,80.1,20.4,42.6,83.85,12.85,0.8,3.2,0.05,8.45,366866,2012,TRUE
"Florida","FL","FL-7",769320.5,48.85,78.8,16.15,40.45,83.5,10.8,0.75,3.8,0.2,16.35,343400,2012,TRUE
"Florida","FL","FL-8",759764.5,48.75,79.8,18.35,42.65,82.3,11.15,0.9,4.6,0.15,18.05,363620.5,2012,TRUE
"Florida","FL","FL-9",768588.5,48.65,77.1,15,39.15,82.6,10.15,0.9,4.8,0.2,29.9,340375,2012,TRUE
"Florida","FL","FL-10",678153.5,48.45,81.15,19.4,43.85,83.05,9.9,0.85,4.25,0.2,12.85,343909,2012,TRUE
"Florida","FL","FL-11",703431,49.1,80.75,22.15,44.15,75.95,19.8,0.9,2.6,0.2,18.25,340208,2012,TRUE
"Florida","FL","FL-12",782524,48.75,77.8,18.45,41.4,84.1,11.5,0.9,2.75,0.15,17.35,353557.5,2012,TRUE
"Florida","FL","FL-13",731856.5,48.15,82.6,25.75,48.95,89.2,6.9,0.7,3.15,0.1,10.65,410261.5,2012,TRUE
"Florida","FL","FL-14",804574,48.5,79.85,19.9,42.35,76.65,17.2,0.9,2.75,0.05,22.45,440523,2012,TRUE
"Florida","FL","FL-15",781024,48.9,77.35,16.55,40.35,81.8,13.05,0.85,3.7,0.2,19.8,358943.5,2012,TRUE
"Florida","FL","FL-16",760954,48.6,81.4,27.2,48.7,87.2,9.1,0.6,2.2,0.1,13.85,406097.5,2012,TRUE
"Florida","FL","FL-17",691427.5,48.9,77.95,18.85,40.8,61.1,35.45,0.5,2.2,0.1,22.15,298167.5,2012,TRUE
"Florida","FL","FL-18",716485.5,49.35,81.25,20.25,43.1,83.45,11.7,0.55,2.15,0.1,40.75,362360.5,2012,TRUE
"Florida","FL","FL-19",749724,48.15,81.2,27.3,47.25,84.95,11,0.6,2.55,0.15,19.25,411089,2012,TRUE
"Florida","FL","FL-20",714595,48.25,77.2,14.4,38.8,60.3,34.55,0.4,3,0.15,26.35,326456,2012,TRUE
"Florida","FL","FL-21",720364.5,47.6,78.65,18.75,41.45,83.3,11.35,0.45,3.95,0.05,50.05,284228.5,2012,TRUE
"Florida","FL","FL-22",714884,49.85,83,20.8,45.6,86,10.35,0.65,3.15,0.1,19.2,401879.5,2012,TRUE
"Florida","FL","FL-23",704401,49,77.35,13.75,37.85,58.85,34.95,0.8,3.15,0.1,28.45,331810.5,2012,TRUE
"Florida","FL","FL-24",757536,48.65,78.35,13.35,37.7,62.1,32.35,0.7,3.05,0.2,25.25,316599,2012,TRUE
"Florida","FL","FL-25",795791,49.05,77.3,13.45,38.05,85.95,9.95,0.35,1.9,0.1,71.35,266927,2012,TRUE
"Georgia","GA","GA-1",728385.5,49.35,75.5,12.6,35.15,67.9,28.8,0.7,2.2,0.2,6.75,317410.5,2012,TRUE
"Georgia","GA","GA-2",664132,49.45,75.6,13.25,35.4,46.25,50.95,0.5,1.45,0.15,4.95,285608.5,2012,TRUE
"Georgia","GA","GA-3",771407,48.35,74.15,12.35,37.55,71.7,25.8,0.65,2.45,0.1,5.5,306325.5,2012,TRUE
"Georgia","GA","GA-4",703481.5,48,74.25,9,34.3,30.8,57.9,0.65,5.9,0.05,12.8,278803.5,2012,TRUE
"Georgia","GA","GA-5",682106,49.05,79.4,9.75,33.35,39.15,55.2,0.85,4.55,0.1,8.35,333082,2012,TRUE
"Georgia","GA","GA-6",753252.5,49.25,74.75,10.4,37.6,75.8,14,0.65,9.6,0.2,10.7,302564.5,2012,TRUE
"Georgia","GA","GA-7",826020,49.1,71.65,8.5,35.3,61.6,22.05,1.1,11.6,0.1,16.05,293708,2012,TRUE
"Georgia","GA","GA-8",705036.5,48.75,75.15,13.3,36.35,63.5,33.6,0.6,1.65,0.2,5.45,298321.5,2012,TRUE
"Georgia","GA","GA-9",773855.5,50,75.15,14.85,38.8,89.55,6.1,0.65,1.55,0.1,13,335616.5,2012,TRUE
"Georgia","GA","GA-10",720870,48.85,76.4,13.35,36.4,73.35,23.6,0.7,2.85,0.05,5.2,312068.5,2012,TRUE
"Georgia","GA","GA-11",759169,49.25,74.75,10.6,35.9,77.5,17.45,0.8,2.65,0.05,10.35,304995,2012,TRUE
"Georgia","GA","GA-12",705508.5,49.1,75.7,12.1,34.25,56.75,40.5,0.65,1.85,0.15,5.15,295198,2012,TRUE
"Georgia","GA","GA-13",762405,47.1,72.15,8.5,34.2,36.9,58.05,0.8,3.7,0,11.1,304215,2012,TRUE
"Hawaii","HI","HI-1",684821.5,50.1,79.6,16.55,39.05,32,3.8,1.75,66.85,20.6,8.1,250186.5,2012,TRUE
"Hawaii","HI","HI-2",704610.5,50.6,76.4,13.9,37.4,53.15,2.95,2.8,46.35,31,10.9,274123,2012,TRUE
"Idaho","ID","ID-1",831932.5,50.1,73.75,14.4,37.15,95.1,1,2.45,1.85,0.2,10.05,352840.5,2012,TRUE
"Idaho","ID","ID-2",766628,50.35,72.8,12.25,33.35,93.4,1.2,2.25,2.25,0.25,13.3,322452.5,2012,TRUE
"Illinois","IL","IL-1",651391.5,46.25,76.45,13.8,37.4,36.9,57.15,0.65,2.7,0.05,9.5,277529,2012,TRUE
"Illinois","IL","IL-2",654102,46.8,74.55,14.3,37.7,32.55,64.05,0.75,0.95,0,12.85,280350,2012,TRUE
"Illinois","IL","IL-3",701956.5,49.3,74.8,12.7,36.5,76.25,6.35,0.55,4.05,0.05,33.4,251912,2012,TRUE
"Illinois","IL","IL-4",663522.5,50.5,72.5,6.8,30.75,62.15,5.1,0.85,3.5,0.05,71.75,231582,2012,TRUE
"Illinois","IL","IL-5",693962,49.75,80.9,11.35,34.55,80.2,3.35,0.65,8.05,0.1,24.65,306815.5,2012,TRUE
"Illinois","IL","IL-6",694321.5,49.35,75.6,12.25,38.85,82.65,3.9,0.55,10.55,0.05,13.85,262735,2012,TRUE
"Illinois","IL","IL-7",674568,47.1,78.55,11.05,33.3,36.45,52.7,0.4,6.7,0.1,11,325049.5,2012,TRUE
"Illinois","IL","IL-8",726229,49.55,74.65,10.85,36.6,75.2,5.55,0.75,10.85,0.1,22.65,276249,2012,TRUE
"Illinois","IL","IL-9",670727,49.05,80.3,15.45,39.8,73.05,10.7,0.75,15.15,0.2,12.05,294611.5,2012,TRUE
"Illinois","IL","IL-10",683219,49.65,74.9,13.75,38.75,79.85,6.3,0.7,10.15,0.2,19.25,257252.5,2012,TRUE
"Illinois","IL","IL-11",736123,49.25,73.8,11,35.7,76.9,11,0.85,4.95,0.1,19.5,276903.5,2012,TRUE
"Illinois","IL","IL-12",684350.5,49.3,77.4,14.55,38.45,80.65,18.65,0.75,1.55,0.15,3,308066,2012,TRUE
"Illinois","IL","IL-13",748834,48.85,76.05,12.65,36.45,83.15,10.05,0.95,7.15,0.05,6.9,302305,2012,TRUE
"Illinois","IL","IL-14",787502.5,49.9,72.8,11.1,36.55,84.55,4.9,0.6,4.55,0.1,18,286666,2012,TRUE
"Illinois","IL","IL-15",691285,49.75,78.15,15.95,38.55,91.5,6.15,0.55,2.85,0.1,3.2,305670,2012,TRUE
"Illinois","IL","IL-16",709430,49.45,76.1,14.95,39.75,90.45,6.1,0.5,2.2,0.15,9.7,297629,2012,TRUE
"Illinois","IL","IL-17",677222,49.35,76.9,16.5,39.45,86.1,11.55,0.9,1.5,0.15,7.05,305449.5,2012,TRUE
"Illinois","IL","IL-18",686147.5,49.1,77.85,16.2,40.45,91.05,6.65,0.6,2.5,0.1,2.9,299449.5,2012,TRUE
"Illinois","IL","IL-19",681607,50.2,77.8,16.2,40.9,94.4,5,0.6,1,0,2.1,293413,2012,FALSE
"Indiana","IN","IN-1",712461,48.8,75.5,13.65,38,72.7,20.25,0.95,1.5,0.15,14.45,297849,2012,TRUE
"Indiana","IN","IN-2",702901,49.2,74.95,14.15,37.85,88.05,8.85,1.15,1.5,0.05,8.7,302640,2012,TRUE
"Indiana","IN","IN-3",724175.5,49.45,73.65,13.3,36.45,89.7,7.2,1.05,2,0.1,6.3,310119.5,2012,TRUE
"Indiana","IN","IN-4",771346,49.9,75.9,13.1,36.15,92.25,4.6,0.75,2.85,0,5,316793,2012,TRUE
"Indiana","IN","IN-5",784154,48.85,74.8,12.75,37.6,89,6.95,0.5,3.7,0,3.8,325705,2012,TRUE
"Indiana","IN","IN-6",702667.5,49.3,76.85,15.55,39.6,94.9,3.65,1.25,1.15,0.1,2.5,302530.5,2012,TRUE
"Indiana","IN","IN-7",707336,48.2,74.55,10.55,33.15,61.2,32.85,0.8,2.15,0.05,10.95,325530.5,2012,TRUE
"Indiana","IN","IN-8",708354.5,49.65,77.35,15.15,39.3,94.05,5.1,0.65,1.25,0.15,2,310205,2012,TRUE
"Indiana","IN","IN-9",730516.5,49.2,77.5,13.8,37.45,94.3,3.5,0.55,2.3,0,3.15,313847,2012,TRUE
"Iowa","IA","IA-1",682359.5,49.15,77.05,15.7,38.85,93.15,4.95,0.95,1.7,0.1,3.45,297365,2012,TRUE
"Iowa","IA","IA-2",700150,49.5,77.1,14.7,37.35,92.45,4.7,0.8,2.65,0.1,4.95,305634.5,2012,TRUE
"Iowa","IA","IA-3",718809.5,49.15,75.05,13.2,36.6,91,5.3,1,3.1,0.1,6.1,304830,2012,TRUE
"Iowa","IA","IA-4",686744.5,49.9,77.2,16.65,39,95.25,1.85,0.85,2.05,0.1,5.35,308854.5,2012,TRUE
"Iowa","IA","IA-5",576598,49.4,75.7,16.9,40.4,94.9,1.5,1.5,1.3,0.2,6.9,256827,2012,FALSE
"Kansas","KS","KS-1",690617,50.35,75.35,15.6,36.65,91.15,3.75,1.85,1.8,0.2,14.9,305638.5,2012,TRUE
"Kansas","KS","KS-2",715266.5,49.85,76.5,14.55,36.9,91.35,6.3,2.95,1.95,0.2,6.05,311244,2012,TRUE
"Kansas","KS","KS-3",757412.5,49.05,74.15,11.35,35.4,84.3,10.05,1.3,4.7,0.15,11.35,312262.5,2012,TRUE
"Kansas","KS","KS-4",719301.5,49.45,73.95,13.5,35.95,87,8.3,2.8,3.7,0.15,11.45,309601.5,2012,TRUE
"Kentucky","KY","KY-1",704680.5,49.15,77.1,16.45,39.9,91.75,8.1,0.6,0.65,0.15,2.5,324545.5,2012,TRUE
"Kentucky","KY","KY-2",755265,49.25,75.8,13.6,37.8,91.5,7.05,0.8,1.5,0.1,3.4,322265.5,2012,TRUE
"Kentucky","KY","KY-3",731711.5,48.25,77.25,14,38.05,75.4,22.85,0.8,2.85,0.15,4.5,331109.5,2012,TRUE
"Kentucky","KY","KY-4",741635.5,49.65,75.2,12.9,38.35,94.15,4.2,0.6,1.35,0.1,2.75,308868.5,2012,TRUE
"Kentucky","KY","KY-5",692767,49.8,77.7,14.95,40.1,97.85,1.75,0.65,0.5,0.1,1.05,315023.5,2012,TRUE
"Kentucky","KY","KY-6",756266,48.8,77.45,12.5,36.15,86.9,10.4,0.65,2.15,0,4.35,332870,2012,TRUE
"Louisiana","LA","LA-1",737115,48.75,76.85,14.15,38.15,81.3,14.9,1.35,2.3,0.1,8.3,315155.5,2012,TRUE
"Louisiana","LA","LA-2",648149.5,47.9,77.1,11.35,35.25,33.15,61.95,0.85,3.6,0.1,6.6,302937,2012,TRUE
"Louisiana","LA","LA-3",703667,49,74.65,12.2,35.8,70.5,27.3,1.9,1.55,0.05,3.7,293089.5,2012,TRUE
"Louisiana","LA","LA-4",718171,49,75.25,13.8,35.9,62.95,34.6,1.6,1.4,0.1,3.75,318277,2012,TRUE
"Louisiana","LA","LA-5",698952,49.4,75.4,13.85,36.25,63.2,36.15,1,0.75,0,2.05,300419,2012,TRUE
"Louisiana","LA","LA-6",754152.5,48.9,75.85,11.45,34.65,67.35,30.3,1.05,2.3,0,3.75,310061.5,2012,TRUE
"Louisiana","LA","LA-7",679892,48.8,74.4,12.4,35.7,71.8,26.8,0.9,1.3,0,2.8,290062,2012,FALSE
"Maine","ME","ME-1",671961.5,48.75,80,16.7,43.5,96.45,1.95,1.25,1.85,0,1.5,351851,2012,TRUE
"Maine","ME","ME-2",656283.5,49.25,80.05,17.45,43.8,97.45,1.1,2.25,0.95,0.05,1.25,372544,2012,TRUE
"Maryland","MD","MD-1",737561,49.1,77.7,16.2,41.95,84.45,13,0.6,2.9,0.2,3.6,338831,2012,TRUE
"Maryland","MD","MD-2",719943,46.8,77.7,12.5,37.1,59.6,34.95,0.95,5.35,0.15,6,297815,2012,TRUE
"Maryland","MD","MD-3",738038,48.85,78.3,13.3,37.05,68.55,23.55,0.85,7.2,0.2,7.25,307631,2012,TRUE
"Maryland","MD","MD-4",729210.5,47.45,75.95,10.85,36.4,31.65,55.85,0.95,5.75,0.1,15.4,280396.5,2012,TRUE
"Maryland","MD","MD-5",763964.5,48.9,76.3,10.9,37.3,54.45,39.7,1.1,5.05,0.15,6.95,282001,2012,TRUE
"Maryland","MD","MD-6",743097,49.85,76.65,13.45,39.5,79.95,11.9,1.05,7.6,0.05,8.4,295427,2012,TRUE
"Maryland","MD","MD-7",691814.5,47.75,77.25,12.75,36.5,36.8,56.3,1.1,7.15,0.15,3.45,306682.5,2012,TRUE
"Maryland","MD","MD-8",754923,48.75,77.05,13.8,39.15,65.15,15.6,0.75,12.8,0.15,17.95,289058.5,2012,TRUE
"Massachusetts","MA","MA-1",689014,48.6,79.45,15.25,40.6,87.9,5.8,0.8,2.7,0.1,12.6,300915,2012,TRUE
"Massachusetts","MA","MA-2",697150,48.5,77.55,13.85,39.2,86.15,6.8,0.6,4.1,0.05,11.55,283939,2012,TRUE
"Massachusetts","MA","MA-3",707765,49.3,76.7,13.1,39.5,83.45,5.75,0.8,6.8,0.1,12.95,280951.5,2012,TRUE
"Massachusetts","MA","MA-4",704177,47.75,77.75,14.35,40.6,89.05,4.05,0.65,6.55,0.15,4.6,283966,2012,TRUE
"Massachusetts","MA","MA-5",710963.5,48.8,78.05,13.5,39.05,81.25,4.9,0.45,9.3,0.05,12.15,282178.5,2012,TRUE
"Massachusetts","MA","MA-6",701732.5,48.3,78.15,15.55,42.05,88.15,4.4,0.45,4.75,0.1,8.2,284738.5,2012,TRUE
"Massachusetts","MA","MA-7",704495,48.25,81.05,12.75,35.6,69,18.45,0.7,10.45,0.05,14.7,289888.5,2012,TRUE
"Massachusetts","MA","MA-8",707646,48.15,81.85,12,34.5,70.15,18.5,0.65,9.3,0.15,12.35,298493,2012,TRUE
"Massachusetts","MA","MA-9",688599.5,48.45,79.6,17.2,42.4,83.15,9.85,0.9,4.25,0.05,6.55,330434,2012,TRUE
"Massachusetts","MA","MA-10",657275,48.3,79.3,18.5,44.4,91.6,2.8,0.6,5,0,1.9,361661,2012,FALSE
"Michigan","MI","MI-1",675754,50.85,80.6,20.1,45.7,94.75,2.1,4.35,0.9,0.05,1.4,429385,2012,TRUE
"Michigan","MI","MI-2",707264.5,49.5,75.7,14.05,37.65,90.5,6.5,1.5,2.1,0,8.2,318673.5,2012,TRUE
"Michigan","MI","MI-3",709616.5,49.45,74.7,12.45,36.3,86.8,10.55,1.4,2.45,0.1,7.65,290699,2012,TRUE
"Michigan","MI","MI-4",701003.5,49.8,78.8,16.35,40.45,95.15,3.15,1.7,1.3,0.1,3.2,341928,2012,TRUE
"Michigan","MI","MI-5",657253,48.35,76.55,15.55,39.85,79.75,19.75,1.45,1.15,0.1,4.5,306092.5,2012,TRUE
"Michigan","MI","MI-6",691841,49.2,76.6,14.6,38.7,87.6,10.4,1.55,1.95,0.1,5.45,317056,2012,TRUE
"Michigan","MI","MI-7",688284.5,50.3,76.95,15.05,40.8,92.25,6.45,1.15,1.45,0.05,4.1,299867,2012,TRUE
"Michigan","MI","MI-8",710020.5,49.45,77.4,12.5,37.9,90.15,6.7,1.3,3.85,0.15,4.8,292299,2012,TRUE
"Michigan","MI","MI-9",689076,48.15,78.05,15,40.25,81,13.2,1.1,7.15,0.05,3.4,303684,2012,TRUE
"Michigan","MI","MI-10",713347.5,49.55,76.85,14.95,41.85,94.4,3.45,1.15,2.05,0,3.15,304673.5,2012,TRUE
"Michigan","MI","MI-11",706828.5,48.75,76.75,13.8,40.55,84.75,8.1,0.8,7.8,0.1,2.95,294907.5,2012,TRUE
"Michigan","MI","MI-12",675629,48.2,78.25,14.1,38.05,78.05,17.4,1.45,4.95,0.15,3.45,294568,2012,TRUE
"Michigan","MI","MI-13",589741,48,74.6,12.35,36.1,37.75,58.3,1.05,1.45,0.1,9.15,294420,2012,TRUE
"Michigan","MI","MI-14",629895.5,47.4,75.75,13.95,37.8,37.55,59.55,1.2,3.45,0.1,3.7,295577.5,2012,TRUE
"Michigan","MI","MI-15",680699,49,78.1,11.3,35.3,79.5,15.7,1.2,5.8,0.1,4.6,283259,2012,FALSE
"Minnesota","MN","MN-1",657526.5,49.5,76.65,15.7,38.15,94,3.1,0.85,2.85,0.05,5.55,280558.5,2012,TRUE
"Minnesota","MN","MN-2",712062.5,49.55,73.6,10.8,37.1,89.6,5,1.05,5.05,0.15,5.2,275377,2012,TRUE
"Minnesota","MN","MN-3",670285.5,48.85,75.3,12.55,38.9,84.1,8.65,1,7.65,0.1,3.85,275337.5,2012,TRUE
"Minnesota","MN","MN-4",653140,48.7,76.6,12.55,35.55,76.4,11.3,1.9,11.9,0.1,7,271458,2012,TRUE
"Minnesota","MN","MN-5",663081,49.55,79.5,11.3,34.05,73.2,17.85,2.55,6.7,0.2,9.7,298787,2012,TRUE
"Minnesota","MN","MN-6",721439,50.3,73.75,10.4,36.15,93.5,3.35,0.95,3,0.05,2.6,275826,2012,TRUE
"Minnesota","MN","MN-7",644192.5,50.25,76.55,17.85,40.8,94.15,1.4,4,1.05,0.1,4,316728.5,2012,TRUE
"Minnesota","MN","MN-8",660893.5,50.65,78.35,17.6,42.55,95.25,1.65,3.85,1,0.05,1.3,367342,2012,TRUE
"Mississippi","MS","MS-1",773870.5,48.25,75.15,13.7,37.5,70.65,28.5,0.45,0.8,0,2.8,331327,2012,TRUE
"Mississippi","MS","MS-2",698704,48.1,74,12.5,34.75,31.95,66.7,0.55,0.6,0.05,1.85,291994,2012,TRUE
"Mississippi","MS","MS-3",753284.5,48.3,75.55,14,37,62.15,35.75,1.2,1.05,0.05,2.2,325308,2012,TRUE
"Mississippi","MS","MS-4",759000.5,49.5,75.5,13.4,36.05,73.45,24.55,0.8,2,0,3.9,333847,2012,TRUE
"Missouri","MO","MO-1",657006.5,46.65,77.05,12.9,36.1,43.6,54,1.25,3.35,0,2.85,325414.5,2012,TRUE
"Missouri","MO","MO-2",744169,48.6,76.5,15.5,40.85,91.8,4.55,0.65,4.15,0.05,2.55,301458.5,2012,TRUE
"Missouri","MO","MO-3",694137,49.35,76.85,13.15,37.65,91.7,6.85,0.8,2.25,0.15,2.65,309426.5,2012,TRUE
"Missouri","MO","MO-4",717587.5,50.3,76.85,15.3,37.7,93.05,5.05,1.6,1.6,0.3,3.5,334171,2012,TRUE
"Missouri","MO","MO-5",699326,48.45,76.3,13.55,36.65,70.1,24.95,1.4,2.1,0.45,8.5,326641,2012,TRUE
"Missouri","MO","MO-6",726236.5,49.35,75.8,14.25,38.1,92.8,5.5,1.15,1.8,0.2,4.15,313237,2012,TRUE
"Missouri","MO","MO-7",741821.5,48.9,76.65,15.6,37.5,95.25,2.65,2.4,1.5,0.25,4.45,338024.5,2012,TRUE
"Missouri","MO","MO-8",703742,49.8,77.05,16.85,40.45,93.8,5.7,1.3,0.75,0.1,1.7,319831.5,2012,TRUE
"Missouri","MO","MO-9",686807,49.6,77.2,13.8,37.2,93,5.2,0.9,1.8,0.1,2.1,306149,2012,FALSE
"Montana","MT","MT-1",1006682,50,77.8,15.7,39.65,91.55,0.7,8.45,1.1,0.25,3.1,487475,2012,TRUE
"Nebraska","NE","NE-1",629261,49.8,75.6,13.55,35.55,91.95,3.55,1.95,2.9,0.15,7.55,266137.5,2012,TRUE
"Nebraska","NE","NE-2",641233.5,49.3,73.7,10.7,33.95,83.45,11.35,1.45,3.35,0.2,10.85,265559,2012,TRUE
"Nebraska","NE","NE-3",585084,49.4,76,17.65,40.7,95.8,1.25,1.45,0.9,0.2,10.45,272338.5,2012,TRUE
"Nevada","NV","NV-1",744040,51.3,74.9,11.35,35.1,64.4,13.3,1.45,8.9,1.55,41.4,324519.5,2012,TRUE
"Nevada","NV","NV-2",769585.5,50.6,77.05,14.8,39.05,84.9,3.45,3.25,5,0.95,20.95,336845,2012,TRUE
"Nevada","NV","NV-3",890544.5,49.3,77.15,13.6,37.8,73.55,8.85,1.25,14.75,1.4,19.35,387756,2012,TRUE
"New Hampshire","NH","NH-1",662005.5,49.5,79.3,14.4,41.45,95.5,1.85,0.75,2.6,0,3.15,313134.5,2012,TRUE
"New Hampshire","NH","NH-2",658821,49.2,79.05,14.95,42.3,95.55,1.6,0.9,3.1,0.1,2.9,303964.5,2012,TRUE
"New Jersey","NJ","NJ-1",697035,48.2,76.75,13.5,38.4,71.2,19.05,0.8,4.95,0.15,12.55,279851,2012,TRUE
"New Jersey","NJ","NJ-2",713569.5,49.15,77.35,15.45,40.7,75.95,15.25,1.2,4.3,0.05,15.3,364359,2012,TRUE
"New Jersey","NJ","NJ-3",711584,48.7,78.8,18,43.05,83.1,11.65,0.85,4.85,0.15,7.3,315795,2012,TRUE
"New Jersey","NJ","NJ-4",730863.5,48.75,74.95,16.95,40.75,85.3,8.15,0.55,4.2,0.05,11.25,290315.5,2012,TRUE
"New Jersey","NJ","NJ-5",700312.5,48.45,76.35,15.45,42.65,82.5,4.35,0.5,10.1,0,10.95,265950,2012,TRUE
"New Jersey","NJ","NJ-6",704583.5,49.05,77.75,12.25,36.9,67.4,13.2,0.75,15.7,0.1,19.7,266214,2012,TRUE
"New Jersey","NJ","NJ-7",717685,49.25,76.15,13.5,41.6,78.8,6,0.3,12.05,0,11.95,267011,2012,TRUE
"New Jersey","NJ","NJ-8",707939.5,49,77.2,11.3,35.8,64.35,14.15,0.8,8.45,0.25,45,270769.5,2012,TRUE
"New Jersey","NJ","NJ-9",716852.5,49.05,78.45,13.65,38.2,65,10.85,0.8,15.2,0.2,30.75,280073.5,2012,TRUE
"New Jersey","NJ","NJ-10",680755,47.25,75.75,11.15,35.3,29.05,57.2,0.65,6,0.05,19.15,277539,2012,TRUE
"New Jersey","NJ","NJ-11",703765.5,48.8,77.05,15.45,42.4,84.9,3.85,0.45,10.35,0.1,10.55,270099,2012,TRUE
"New Jersey","NJ","NJ-12",728893,48.85,77.55,14.05,39.95,63.4,16,0.55,16.9,0.15,11.35,280734.5,2012,TRUE
"New Jersey","NJ","NJ-13",692817,50,78.2,9.4,33.5,61.4,13.7,0.8,9.6,0.2,50.6,283558,2012,FALSE
"New Mexico","NM","NM-1",703476,49.25,76.75,13.4,36.85,75.95,3.8,5.3,3.15,0.3,48.65,299951.5,2012,TRUE
"New Mexico","NM","NM-2",688330.5,50.3,74.6,14.95,35.65,84.15,2.2,6.8,1.05,0.1,52.55,297026.5,2012,TRUE
"New Mexico","NM","NM-3",691949,49.55,74.8,14.15,37.75,68.5,2.55,19.2,1.6,0.15,39.95,309673,2012,TRUE
"New York","NY","NY-1",715673.5,49.45,77.6,15.35,40.7,89,5.35,0.75,4.55,0.1,13.25,304242.5,2012,TRUE
"New York","NY","NY-2",699409.5,49,76.9,13.55,39.95,76,11.7,1,4.15,0.05,22.05,235559.5,2012,TRUE
"New York","NY","NY-3",685508.5,48.45,78.1,16.95,43.2,82.15,4,0.6,10.85,0.05,10.45,247589.5,2012,TRUE
"New York","NY","NY-4",691607.5,48.65,76.95,14.55,39.7,66.85,18.2,1.65,7.25,0.05,19.75,235598.5,2012,TRUE
"New York","NY","NY-5",720026,47.85,77.8,13.9,38.05,36.5,28.45,1,24.65,0.25,22.3,243666.5,2012,TRUE
"New York","NY","NY-6",698436.5,47.5,78.95,13.85,38.65,35,28.5,0.9,28.1,0.25,19.25,250928,2012,TRUE
"New York","NY","NY-7",707816,49.45,78.05,11.8,35.4,45.5,16,1,18.95,0.25,43.95,263185,2012,TRUE
"New York","NY","NY-8",727422.5,47.75,79.55,13.7,35.85,52.9,31.8,0.7,10.4,0.05,14.95,332463,2012,TRUE
"New York","NY","NY-9",696814.5,46.45,78.3,13.85,37.75,51.1,28.85,0.45,14.65,0.1,14.2,282780,2012,TRUE
"New York","NY","NY-10",701775.5,47.75,77.1,11.45,33.95,48.9,34.2,0.5,11.65,0.1,14.6,314006.5,2012,TRUE
"New York","NY","NY-11",691029.5,47,77.3,12.65,36.85,53.1,31.8,0.55,9.7,0.2,15.3,272118,2012,TRUE
"New York","NY","NY-12",697681.5,46.85,83.8,12,34.8,63.7,9,1.1,16.45,0.15,28.75,345893,2012,TRUE
"New York","NY","NY-13",731898,48.4,78.2,12.4,36.5,52.4,21.05,0.7,9.9,0.1,35.4,279323,2012,TRUE
"New York","NY","NY-14",681070.5,49.2,83.55,13.75,36.2,63.35,9.1,0.55,15.2,0.1,32.5,318066,2012,TRUE
"New York","NY","NY-15",704666.5,46.95,76.7,10.15,32.85,26.5,35.2,1.05,4.85,0.3,54.45,265935.5,2012,TRUE
"New York","NY","NY-16",715634.5,46.65,73.85,11.95,34.55,34.6,34.3,0.85,3.55,0.2,45.25,267780.5,2012,TRUE
"New York","NY","NY-17",710926.5,48.55,74.6,13.75,36.95,57,23.45,0.9,6.5,0.15,23.6,256954,2012,TRUE
"New York","NY","NY-18",700390.5,49.1,76.1,14.1,39.55,76.85,11.9,0.7,5.55,0.15,19.45,262148.5,2012,TRUE
"New York","NY","NY-19",709684.5,49.85,78.15,15.45,42.25,88.8,6.4,0.95,3.1,0.1,9.95,313988.5,2012,TRUE
"New York","NY","NY-20",698844.5,49.55,79.6,15.5,41.15,89.4,7.4,0.75,3.45,0.15,4.7,330380.5,2012,TRUE
"New York","NY","NY-21",698876.5,50.05,79.05,15.05,39.65,89.5,7.65,1.45,2.7,0.2,4.45,339198,2012,TRUE
"New York","NY","NY-22",694494,49.3,79.2,15.3,39.6,86.55,8.1,0.8,3.65,0.05,7.7,313815.5,2012,TRUE
"New York","NY","NY-23",690526,50.2,78.85,15.2,39.4,93.8,3.8,1.3,1.9,0.05,3.3,330752,2012,TRUE
"New York","NY","NY-24",688306.5,49.35,78.55,15.6,40.45,90.15,7.55,1.15,2.35,0.05,3.85,305664,2012,TRUE
"New York","NY","NY-25",694651,48.3,77.8,15.1,39.55,81.9,13.8,1.15,3.7,0.15,5.95,299858,2012,TRUE
"New York","NY","NY-26",693578.5,48.15,78.7,15.65,39.95,83.2,12.4,0.95,3.3,0.05,4.65,308815,2012,TRUE
"New York","NY","NY-27",674842,49.45,79.35,16.4,42.1,91.95,5.25,1.2,1.65,0.1,4.3,301572,2012,TRUE
"New York","NY","NY-28",607308,47.7,78.5,13.3,36.3,64.7,31.4,1.5,2.6,0.1,7.7,297101,2012,FALSE
"New York","NY","NY-29",665834,50.2,78.1,15.7,41.1,92.5,4.2,1.1,3.2,0,2.7,304540,2012,FALSE
"North Carolina","NC","NC-1",677415.5,47.15,76.8,15.1,38.05,42.85,53.55,1.4,1.45,0.15,6.1,313341,2012,TRUE
"North Carolina","NC","NC-2",762295.5,48.75,74,12.25,35.1,70.1,24.45,2.05,2.85,0.35,12,310786.5,2012,TRUE
"North Carolina","NC","NC-3",750089.5,50.45,78.1,13.75,35.2,77.4,19,1,2,0.3,7.35,365581.5,2012,TRUE
"North Carolina","NC","NC-4",807483.5,48.25,76.65,10,34.3,64.2,26.45,1.1,7.05,0.1,10.7,345355,2012,TRUE
"North Carolina","NC","NC-5",714202,48.5,78.3,16.2,41.05,85.55,11.45,0.9,1.55,0.05,7.5,340237.5,2012,TRUE
"North Carolina","NC","NC-6",744346.5,48.4,77.55,15.75,41.2,81.05,14.7,1.1,2.1,0.1,6.95,327540,2012,TRUE
"North Carolina","NC","NC-7",760885,48.8,77.2,15.6,39.55,71,20.5,5.55,0.95,0.2,8.45,368321.5,2012,TRUE
"North Carolina","NC","NC-8",731353,49,74.8,12.4,36.3,66.85,24.35,5.55,2.1,0.05,10.4,308625.5,2012,TRUE
"North Carolina","NC","NC-9",829970.5,48.35,74.25,11.05,37.5,78.65,15.5,1.1,4.4,0.15,7.8,337522.5,2012,TRUE
"North Carolina","NC","NC-10",715885.5,48.85,77.6,15.8,41.05,85.55,11.2,0.8,1.95,0,5.8,324191,2012,TRUE
"North Carolina","NC","NC-11",722617,48.5,80.2,20,43.75,92.1,4.65,2.3,1.35,0.15,5.6,387399,2012,TRUE
"North Carolina","NC","NC-12",755251,48.05,74.95,10.35,33.2,43,48.65,1.05,4.6,0.1,13.95,323756,2012,TRUE
"North Carolina","NC","NC-13",780436,49.05,75.45,11.65,37.2,70.75,24.05,0.8,3.05,0.15,9.6,326078.5,2012,TRUE
"North Dakota","ND","ND-1",703662.5,50.65,77.85,14.3,36.05,91.3,1.85,6.55,1.55,0.1,2.3,330090.5,2012,TRUE
"Ohio","OH","OH-1",664212,48.6,76,13.05,36.95,71.1,27.55,0.6,2.3,0.1,2.9,298224.5,2012,TRUE
"Ohio","OH","OH-2",700691.5,48.9,75.8,14.05,39.35,91,7.3,0.65,2.4,0.1,1.7,309641.5,2012,TRUE
"Ohio","OH","OH-3",691706,48.35,76.15,12.75,36.2,70.45,26.85,0.95,3.3,0.1,4.1,313350.5,2012,TRUE
"Ohio","OH","OH-4",670082,50.2,76.75,15.4,40.2,93.2,6.5,0.85,0.95,0.05,2.6,289799,2012,TRUE
"Ohio","OH","OH-5",676905.5,48.95,76.4,15.1,38.95,94.6,3.45,0.75,1.35,0.05,4.9,287534.5,2012,TRUE
"Ohio","OH","OH-6",665436,49.75,79,17.35,42.3,96.45,3.3,0.8,0.85,0.05,1.05,300343,2012,TRUE
"Ohio","OH","OH-7",703590.5,49.25,76.15,14.8,39.3,90.9,8.9,0.9,1.3,0,2.1,293940.5,2012,TRUE
"Ohio","OH","OH-8",692546.5,49,75.65,13.9,38.25,91.2,7.3,0.75,2.1,0.1,3.15,289166,2012,TRUE
"Ohio","OH","OH-9",667666.5,48.8,77.4,14.4,38.65,80.85,17.75,1.2,1.6,0.1,7.8,318669.5,2012,TRUE
"Ohio","OH","OH-10",660260,48.25,77.85,15.65,39.65,83.45,14.55,0.8,2.9,0.25,5.15,305716,2012,TRUE
"Ohio","OH","OH-11",613508.5,46.35,77.7,15.35,38.6,39.55,58.45,0.75,2.7,0.1,3.15,325276,2012,TRUE
"Ohio","OH","OH-12",751452,48.8,74.8,11.85,37.15,82.2,14.45,1,4.35,0.15,3.3,314539.5,2012,TRUE
"Ohio","OH","OH-13",682119,48.3,78.6,15.95,40.85,85.15,13.65,0.75,1.95,0.15,4.1,312820.5,2012,TRUE
"Ohio","OH","OH-14",684404.5,48.9,77.2,16.65,42.9,93.8,4.75,0.45,2.3,0,2.45,290737.5,2012,TRUE
"Ohio","OH","OH-15",718574.5,50.05,77.85,11.9,35.7,88.7,8.35,0.8,3.6,0,3.1,306681,2012,TRUE
"Ohio","OH","OH-16",683451,49.25,77,16.9,41.85,94.65,4.6,0.45,1.95,0,1.75,290566.5,2012,TRUE
"Ohio","OH","OH-17",602458,48.6,79,15.8,40.6,85.7,14.2,0.7,1.7,0,2.5,275559,2012,FALSE
"Ohio","OH","OH-18",660089,49.4,75.6,15.1,39.8,97.1,3,1,0.6,0,0.8,288083,2012,FALSE
"Oklahoma","OK","OK-1",770583,48.7,74.6,12.9,36.05,79.75,10.65,11.7,2.75,0.15,10.2,336917,2012,TRUE
"Oklahoma","OK","OK-2",741132.5,49.6,75.8,16.85,39.3,78.8,4.45,26.15,0.6,0.2,4.6,343757.5,2012,TRUE
"Oklahoma","OK","OK-3",748174.5,50.5,75.8,14.55,36.75,85.2,4.75,10.1,1.6,0.35,8.8,327508,2012,TRUE
"Oklahoma","OK","OK-4",786675,49.85,76.05,13.1,35.35,83.65,8.3,10.2,3.05,0.35,7.9,334849.5,2012,TRUE
"Oklahoma","OK","OK-5",774473,49,74.6,12.45,34.35,74.7,15.9,8.75,3.45,0.15,15.2,335509,2012,TRUE
"Oregon","OR","OR-1",805782,49.5,76.45,12.15,37.05,84.75,2.4,2.2,8.55,0.9,13.85,334912.5,2012,TRUE
"Oregon","OR","OR-2",776198.5,49.85,77.65,18,41.55,93.6,1.2,3.7,1.85,0.75,12.95,356817,2012,TRUE
"Oregon","OR","OR-3",784275.5,49.5,78.6,11.4,36.45,82.75,6.55,2.5,8.05,1.05,11.35,326538,2012,TRUE
"Oregon","OR","OR-4",758023.5,49.25,80.3,17.75,41.45,93.5,1.3,3.4,3.2,0.5,7.05,338102.5,2012,TRUE
"Oregon","OR","OR-5",776682.5,49.3,76.75,15.1,39.05,89.35,1.65,2.7,4.1,0.55,15.45,327805.5,2012,TRUE
"Pennsylvania","PA","PA-1",692080.5,47.5,75.5,10.65,32.6,40.5,43.35,0.65,7.45,0.25,18.05,287279,2012,TRUE
"Pennsylvania","PA","PA-2",672932,46.05,80,12.9,33.2,35.55,58.15,0.95,5.85,0,5.65,314509,2012,TRUE
"Pennsylvania","PA","PA-3",668955,49.5,78.95,16.8,41.8,93.8,5.55,0.45,1.1,0.05,2.1,300323,2012,TRUE
"Pennsylvania","PA","PA-4",682897,48.75,78.15,16.55,42.3,91.15,6.7,0.6,2.15,0,3.8,292374,2012,TRUE
"Pennsylvania","PA","PA-5",675856.5,50.4,80.9,16.65,40.45,95.45,2.75,0.8,1.9,0,1.75,329432.5,2012,TRUE
"Pennsylvania","PA","PA-6",734856.5,48.75,76.3,14.4,39.85,87.4,7.3,0.6,4.55,0.05,7.15,288862.5,2012,TRUE
"Pennsylvania","PA","PA-7",702510,48.6,77.35,15.5,40.6,86.2,8.5,0.35,5.95,0.15,2.8,274902,2012,TRUE
"Pennsylvania","PA","PA-8",695434.5,49,77.8,15.55,42.45,90.1,4.65,0.5,5,0.15,4.7,272045,2012,TRUE
"Pennsylvania","PA","PA-9",686341.5,49.75,78.85,17.55,42.35,96.3,3.35,0.45,0.75,0.05,1.95,307719,2012,TRUE
"Pennsylvania","PA","PA-10",689158,50.35,79.15,17.9,43,95,3.7,0.55,1.25,0.1,3,337437,2012,TRUE
"Pennsylvania","PA","PA-11",695614,49,79.65,17.2,41.9,90.5,6.55,0.55,1.85,0.05,7.25,321390,2012,TRUE
"Pennsylvania","PA","PA-12",654188.5,48.75,80.25,19,44.2,94.85,4.7,0.6,1.45,0,1.25,302551,2012,TRUE
"Pennsylvania","PA","PA-13",687926.5,48.65,77.2,15.4,39.4,73.75,16.2,0.7,8.3,0.2,9,275948.5,2012,TRUE
"Pennsylvania","PA","PA-14",641938,47.85,82.3,16.15,38.35,72.95,25.35,1.05,3.3,0.05,2,330193,2012,TRUE
"Pennsylvania","PA","PA-15",718062,49.1,78.35,15.95,40.9,87.35,6.55,0.55,3.2,0,14.35,291967,2012,TRUE
"Pennsylvania","PA","PA-16",714963.5,48.9,75.3,14.75,37.75,87.05,7.2,1.05,2.1,0.15,15.25,279002.5,2012,TRUE
"Pennsylvania","PA","PA-17",690513.5,49,78.7,16.6,41.75,88.6,8.6,0.55,2.05,0.05,7.2,309144,2012,TRUE
"Pennsylvania","PA","PA-18",687841.5,48.75,79.9,18.3,44.3,94.9,3.2,0.4,2.4,0.05,1.5,305629.5,2012,TRUE
"Pennsylvania","PA","PA-19",732549,49.2,77.9,15.2,40.6,90.8,6,0.5,2.3,0,5.2,303331,2012,FALSE
"Rhode Island","RI","RI-1",523619,48.4,79.85,15.5,39.5,81.4,9.4,1,3.8,0.25,13.85,232931.5,2012,TRUE
"Rhode Island","RI","RI-2",527787.5,48.75,79.1,14.65,40,84.8,5.95,1.15,3.75,0.1,12.5,230268,2012,TRUE
"South Carolina","SC","SC-1",791994.5,48.45,78.2,14.8,37.8,76.25,20.3,0.85,2.35,0.15,6.15,396823,2012,TRUE
"South Carolina","SC","SC-2",752561.5,49.15,76.75,13.8,37.95,70.2,26.5,0.85,2.25,0.2,6,336959.5,2012,TRUE
"South Carolina","SC","SC-3",695390.5,49.35,78.25,16.25,40.35,78.65,19.7,0.85,1,0.1,3.9,314440,2012,TRUE
"South Carolina","SC","SC-4",735162,48.3,75.9,13.65,37.8,76.2,20.5,0.7,2.55,0.05,7.8,314271.5,2012,TRUE
"South Carolina","SC","SC-5",726363,48.4,75.95,14.4,39.05,68.35,29.75,1.1,1.2,0.05,4,312850,2012,TRUE
"South Carolina","SC","SC-6",687220,48.15,77.15,13.4,35.35,41.3,57,0.7,1.1,0,3.7,299667,2012,TRUE
"South Dakota","SD","SD-1",834479.5,50,75.4,14.65,36.85,88,2,10.45,1.25,0.05,3,368364,2012,TRUE
"Tennessee","TN","TN-1",696815.5,48.75,79.15,17.85,42.45,95.6,3.45,0.75,0.8,0.05,3.35,340739.5,2012,TRUE
"Tennessee","TN","TN-2",728250.5,48.7,78.45,15.6,39.55,90.9,7.6,0.85,1.75,0.05,3.4,325291,2012,TRUE
"Tennessee","TN","TN-3",712988.5,48.75,78.65,16.1,40.85,86.5,12,0.9,1.35,0,3.45,319380.5,2012,TRUE
"Tennessee","TN","TN-4",703698.5,49.45,76.9,15.6,39.4,91.75,6.95,1.85,1.2,0.05,4.1,306845,2012,TRUE
"Tennessee","TN","TN-5",728970.5,48.55,77.75,10.8,34.65,67.35,25.9,0.6,3.35,0.15,9.1,319036.5,2012,TRUE
"Tennessee","TN","TN-6",763980,49.1,76.15,14.35,38.6,90.95,7,0.95,1.4,0.05,4.6,320937,2012,TRUE
"Tennessee","TN","TN-7",767921,49.45,74.25,12.6,37.25,84.3,13.05,0.95,2.7,0.15,4.55,315422,2012,TRUE
"Tennessee","TN","TN-8",683354,48.5,76,14.9,39.65,75.9,22.45,0.95,1.6,0.1,2.7,290604.5,2012,TRUE
"Tennessee","TN","TN-9",663687,47.6,74.8,10.1,33.15,29.8,65.25,0.65,2.1,0.05,6.85,296805.5,2012,TRUE
"Texas","TX","TX-1",722154.5,49,74.8,14.7,36.3,78.35,18.8,0.75,1.1,0.05,16.25,305749.5,2012,TRUE
"Texas","TX","TX-2",760371,50.6,74.85,10.25,35.4,70.8,16.45,1,5.95,0.15,26.8,296842.5,2012,TRUE
"Texas","TX","TX-3",818363.5,49.25,71.85,8.65,34.85,71.45,10.95,1.3,14.25,0.2,19,309261,2012,TRUE
"Texas","TX","TX-4",783373,49.1,74.35,14.45,38.25,83.4,11.85,1.8,1.65,0.25,13.15,324199,2012,TRUE
"Texas","TX","TX-5",736095.5,49.95,73.95,13,36.2,76,15.1,1.15,2.45,0.25,25.45,294171,2012,TRUE
"Texas","TX","TX-6",779870,49.1,72.65,10.2,34.3,71.75,19.5,1.45,5.55,0.15,22.55,300828.5,2012,TRUE
"Texas","TX","TX-7",778796,49.2,74.8,9.75,34.6,70.05,13.8,1.05,11.6,0.25,27.6,333251,2012,TRUE
"Texas","TX","TX-8",805317.5,50.7,74.45,12.55,36.85,85.25,8.9,1.3,2.45,0.05,19.2,319788.5,2012,TRUE
"Texas","TX","TX-9",731989,48.75,73.2,7.8,31.75,40.5,37.6,0.85,10.85,0.2,39.9,287197.5,2012,TRUE
"Texas","TX","TX-10",874580,50.1,73.35,9.75,34.45,76.65,11.8,1.2,6.45,0.15,28.05,340804,2012,TRUE
"Texas","TX","TX-11",724674.5,50.1,74.8,14.8,35.95,88.9,4.6,1.35,1.15,0.05,36.5,319434,2012,TRUE
"Texas","TX","TX-12",792799.5,48.9,73.7,10.7,34.6,84.8,7.75,1.8,3.55,0.3,26.1,315480.5,2012,TRUE
"Texas","TX","TX-13",686148,51.05,75.05,14.1,36.15,88.25,7.05,1.7,2.25,0.25,24.75,298267,2012,TRUE
"Texas","TX","TX-14",762958,50.6,74.3,12.05,36.6,78.15,15.8,1.35,3.75,0.05,26.4,323996.5,2012,TRUE
"Texas","TX","TX-15",769494,49.45,67.95,10.6,30.45,90.95,2.15,0.45,1.3,0.05,81.3,255906.5,2012,TRUE
"Texas","TX","TX-16",755652,48.75,71.05,10.8,31.5,83.45,4.2,1,1.85,0.25,80.05,259230,2012,TRUE
"Texas","TX","TX-17",747724.5,49.75,76.75,12.15,32.35,80.45,12.25,1.15,3.6,0.05,23.1,310952.5,2012,TRUE
"Texas","TX","TX-18",742374.5,49.65,72.6,8.15,31.2,49.15,37.2,0.8,4.45,0.1,42.95,294255,2012,TRUE
"Texas","TX","TX-19",714360.5,50.35,74.9,12.95,32.9,86.05,6.95,1.3,1.7,0.15,35.25,293272.5,2012,TRUE
"Texas","TX","TX-20",745306.5,49.35,73.15,10.4,32,79.7,7.75,1.05,3,0.25,69.65,275689,2012,TRUE
"Texas","TX","TX-21",810557,49,77.75,13.85,37.85,87.95,5.55,1.05,4.15,0.25,27.8,353437.5,2012,TRUE
"Texas","TX","TX-22",851238,49.65,72.1,9.45,35.25,65.7,14,0.95,16.3,0.15,26.55,304343,2012,TRUE
"Texas","TX","TX-23",786476,49.95,71.6,11.2,33.05,84.85,3.55,1.8,2.55,0.15,68,282629.5,2012,TRUE
"Texas","TX","TX-24",772107,50.05,75.25,9.3,35.2,69.5,13.5,1.05,11.7,0.3,25.4,321819,2012,TRUE
"Texas","TX","TX-25",788090,50.05,75.55,11,34.55,81.65,7.95,1.2,3.1,0.3,29,327298.5,2012,TRUE
"Texas","TX","TX-26",854615.5,49.3,71.7,8.55,33.8,81.05,11.35,1.35,5.9,0.3,18.9,314418,2012,TRUE
"Texas","TX","TX-27",730944.5,49.05,73,13,34.55,87.75,4.45,0.85,1.75,0.15,61.9,295161,2012,TRUE
"Texas","TX","TX-28",799475,49.1,68,10.5,31.1,91.4,3.2,0.85,1,0.15,78.9,265347.5,2012,TRUE
"Texas","TX","TX-29",715508.5,50.65,67.85,7.3,28.7,71.85,10.85,0.8,1.35,0.05,77.15,233071,2012,TRUE
"Texas","TX","TX-30",733989.5,49.25,71.95,8.7,32,46.25,42.85,0.95,1.8,0.05,39.9,281548.5,2012,TRUE
"Texas","TX","TX-31",848297.5,49.35,72.45,9.95,33.05,79.75,13.75,1.3,5.25,0.45,22.6,328491,2012,TRUE
"Texas","TX","TX-32",683475,49.75,75.5,10.4,34.5,68.85,12.05,1.65,7.1,0.2,33.8,280726,2012,TRUE
"Utah","UT","UT-1",821137,50.5,68.4,9,30.1,90.9,1.95,1.55,2.5,0.85,12.75,299517,2012,TRUE
"Utah","UT","UT-2",807780.5,50.3,71.45,12.15,32.1,89.4,1.35,2.25,3,1.65,11.75,315660.5,2012,TRUE
"Utah","UT","UT-3",857236.5,50.2,67.5,8.05,27.15,91.55,1.35,1.75,3.1,1.45,13.6,265108.5,2012,TRUE
"Vermont","VT","VT-1",626530.5,49.25,80.05,15.65,42.25,97.15,1.65,1.25,1.8,0.1,1.5,324160.5,2012,TRUE
"Virginia","VA","VA-1",783401,49.25,75.55,13,37.95,74.85,20.05,0.95,4.35,0.2,8.5,315389,2012,TRUE
"Virginia","VA","VA-2",693903,50.15,77.7,12,34.5,70.35,23.95,1.15,6.7,0.35,7.55,287405.5,2012,TRUE
"Virginia","VA","VA-3",700816.5,47.9,78,11.5,33.3,39.5,58.05,1.65,2.7,0.2,5.45,306222.5,2012,TRUE
"Virginia","VA","VA-4",743297,49.85,76.05,12.7,38.65,63.2,34.25,1.05,2.8,0.3,4.7,289849.5,2012,TRUE
"Virginia","VA","VA-5",709937,48.5,79.25,17.25,41.5,76.15,22.6,0.45,1.95,0.05,3.05,337093,2012,TRUE
"Virginia","VA","VA-6",723225.5,48.35,79.35,16.25,39.65,85.7,12.9,0.8,2,0.15,4.25,320655.5,2012,TRUE
"Virginia","VA","VA-7",762389,48.15,76.5,13.85,39.9,77.3,17.55,1,5.15,0.25,5.05,313055.5,2012,TRUE
"Virginia","VA","VA-8",743454.5,49.15,79.3,9.8,35.4,67.2,15.6,1,12.65,0.1,17.9,328915,2012,TRUE
"Virginia","VA","VA-9",688587.5,49.6,81.2,17.45,41.7,93.3,5.45,0.55,1.5,0.05,1.9,326087.5,2012,TRUE
"Virginia","VA","VA-10",838609.5,49.65,72.9,9.2,36.55,77.25,9.05,0.95,14.4,0.2,13.35,298493,2012,TRUE
"Virginia","VA","VA-11",790884,49.95,75.5,10.3,36.45,66.75,13.8,1,19.2,0.3,17.15,277023,2012,TRUE
"Washington","WA","WA-1",730099,49.65,76.8,11.85,38.5,83.05,2.8,2.45,13.3,0.7,8.95,298705.5,2012,TRUE
"Washington","WA","WA-2",731480.5,49.95,78.1,13.9,38.05,87.55,3.6,3.15,7.25,0.95,9.4,322299,2012,TRUE
"Washington","WA","WA-3",736792.5,49.2,75.8,14.65,39.25,91.1,2.55,2.7,4.65,0.9,8.1,308886,2012,TRUE
"Washington","WA","WA-4",746492.5,50.4,71.1,12.25,33.6,77.55,1.65,3.05,2.6,0.35,35.9,282473.5,2012,TRUE
"Washington","WA","WA-5",704332,49.75,77.85,14.7,37.5,92,2.75,3.8,3.4,0.7,6.45,309736,2012,TRUE
"Washington","WA","WA-6",697423,49.8,79.65,16.5,41.1,84.95,5.85,4.15,7.25,1.65,8.25,320903.5,2012,TRUE
"Washington","WA","WA-7",714262,49.9,83.5,11.9,36.35,76.6,7.95,2.2,15.6,1,7.65,340825,2012,TRUE
"Washington","WA","WA-8",768536.5,49.85,74.5,11,38.15,81.95,4.7,2.2,12.8,1.25,8.25,301863.5,2012,TRUE
"Washington","WA","WA-9",720707,50.35,76.8,12.1,36.05,68.7,11.8,2.5,18.05,2.15,12.7,291228,2012,TRUE
"West Virginia","WV","WV-1",616075.5,49.75,80.25,16.7,40.85,96.35,3.25,0.6,1,0.05,1.2,287888,2012,TRUE
"West Virginia","WV","WV-2",640373,49,78.25,16.3,41.85,95.1,4.55,1.95,0.9,0.05,1.8,300521.5,2012,TRUE
"West Virginia","WV","WV-3",598385.5,49.35,79.35,17.3,41.9,95.4,4.6,0.55,0.55,0.05,0.8,292213,2012,TRUE
"Wisconsin","WI","WI-1",718424,49.7,76.25,13.65,39.6,90.05,6.4,1,2.45,0.1,9.3,308013,2012,TRUE
"Wisconsin","WI","WI-2",745675,49.4,78,12.2,36.1,90,5.6,1.05,4.3,0.1,6.2,325376.5,2012,TRUE
"Wisconsin","WI","WI-3",722990,50.25,77.9,14.9,38.2,95.9,1.45,1.1,2.35,0.15,2.05,318964.5,2012,TRUE
"Wisconsin","WI","WI-4",695325.5,48.2,74.3,10.3,32.05,56.05,36.75,2,3.85,0.15,16.4,303819,2012,TRUE
"Wisconsin","WI","WI-5",716813.5,49.1,77.05,15.4,41,94.15,2.8,0.65,2.8,0,4.9,304759.5,2012,TRUE
"Wisconsin","WI","WI-6",710612,50.2,77.95,15.95,41.2,94.85,2.1,0.85,2.5,0.1,4.2,323168,2012,TRUE
"Wisconsin","WI","WI-7",700911.5,50.5,77.9,17.35,43.05,95.4,1.2,2.7,1.95,0.1,1.95,392790,2012,TRUE
"Wisconsin","WI","WI-8",716488.5,50.1,76.8,15,40.2,92.65,2,3.5,2.4,0.1,4.6,357222.5,2012,TRUE
"Wyoming","WY","WY-1",575408,51,76.1,13,36.7,93.25,1.6,3.9,1.3,0.1,9,265512.5,2012,TRUE
"Arizona","AZ","AZ-9",741451,50.4,78,10.2,32.9,78.9,6,4,5.9,0.8,28.4,323905,2012,FALSE
"Florida","FL","FL-26",741247,48.7,79.8,14.8,40.3,85.1,11.3,0.4,2.8,0.2,67.1,257527,2012,FALSE
"Florida","FL","FL-27",719632,49.3,79.2,16.4,39.9,89,8.4,0.3,2,0,75.4,273792,2012,FALSE
"Georgia","GA","GA-14",696119,49.2,74.5,13.1,37.3,87.7,9.9,0.9,1.1,0.1,10.7,277446,2012,FALSE
"Nevada","NV","NV-4",705118,50.3,73.4,12.5,34.8,64.7,15.9,1.9,6.9,1.5,30.2,272612,2012,FALSE
"South Carolina","SC","SC-7",676686,48.2,78.6,17.8,41.5,68.3,29.9,1.3,1.1,0.1,4.2,365825,2012,FALSE
"Texas","TX","TX-33",725761,50.4,67.2,7.6,28.9,64.2,17.6,1.2,2.2,0,64.6,241120,2012,FALSE
"Texas","TX","TX-34",720005,50,69.9,12.7,32.1,92.7,1.2,0.4,0.9,0,83.7,254151,2012,FALSE
"Texas","TX","TX-35",752749,50.2,73.1,8.2,30.4,79,11.4,1.4,1.9,0.2,63,274984,2012,FALSE
"Texas","TX","TX-36",710008,49.8,75.3,13.4,37.7,83.4,9.5,1.6,1.9,0.2,23.2,291457,2012,FALSE
"Utah","UT","UT-4",745786,50.2,68.1,8.4,30.5,86,2.3,1.1,3.8,1.7,16.5,238717,2012,FALSE
"Washington","WA","WA-10",701194,49.9,75.6,12.7,35.3,80.3,9,3.7,9.4,1.8,11,282065,2012,FALSE
