Dist,First,Last,Party,2017 PVI,2017 Raw PVI,Rank
AL-01,Bradley,Byrne,R,R+16,R+15.72,361
AL-02,Martha,Roby,R,R+17,R+16.88,369
AL-03,Mike,Rogers,R,R+17,R+17.32,373
AL-04,Robert,Aderholt,R,R+32,R+31.9,433
AL-05,Mo,Brooks,R,R+18,R+18.02,378
AL-06,Gary,Palmer,R,R+25,R+24.82,417
AL-07,Terri,Sewell,D,D+20,D+20.17,68
AK-AL,Don,Young,R,R+9,R+9.44,296
AZ-01,Tom,O'Halleran,D,R+2,R+2.07,212
AZ-02,Martha,McSally,R,EVEN,D+0.42,193
AZ-03,Raúl,Grijalva,D,D+14,D+13.6,103
AZ-04,Paul,Gosar,R,R+22,R+21.74,409
AZ-05,Andy,Biggs,R,R+13,R+13.45,341
AZ-06,David,Schweikert,R,R+8,R+7.9,270
AZ-07,Ruben,Gallego,D,D+24,D+23.93,53
AZ-08,Trent,Franks,R,R+13,R+12.81,329
AZ-09,Kyrsten,Sinema,D,D+6,D+5.79,161
AR-01,Rick,Crawford,R,R+18,R+18.21,381
AR-02,French,Hill,R,R+7,R+7.11,258
AR-03,Steve,Womack,R,R+18,R+18.44,382
AR-04,Bruce,Westerman,R,R+18,R+17.54,374
CA-01,Doug,LaMalfa,R,R+11,R+11.37,314
CA-02,Jared,Huffman,D,D+23,D+22.7,58
CA-03,John,Garamendi,D,D+5,D+5.17,167
CA-04,Tom,McClintock,R,R+10,R+9.61,299
CA-05,Mike,Thompson,D,D+22,D+22.12,61
CA-06,Doris,Matsui,D,D+22,D+21.85,62
CA-07,Ami,Bera,D,D+4,D+3.79,173
CA-08,Paul,Cook,R,R+9,R+9.13,291
CA-09,Jerry,McNerney,D,D+8,D+8.3,138
CA-10,Jeff,Denham,R,EVEN,D+0.33,195
CA-11,Mark,DeSaulnier,D,D+23,D+22.95,57
CA-12,Nancy,Pelosi,D,D+39,D+38.58,5
CA-13,Barbara,Lee,D,D+41,D+40.93,3
CA-14,Jackie,Speier,D,D+28,D+28.29,34
CA-15,Eric,Swalwell,D,D+22,D+21.78,63
CA-16,Jim,Costa,D,D+10,D+9.71,128
CA-17,Ro,Khanna,D,D+26,D+25.85,43
CA-18,Anna,Eshoo,D,D+25,D+25.03,47
CA-19,Zoe,Lofgren,D,D+25,D+24.81,49
CA-20,Jimmy,Panetta,D,D+23,D+23.32,55
CA-21,David,Valadao,R,D+6,D+6.24,159
CA-22,Devin,Nunes,R,R+7,R+7,257
CA-23,Kevin,McCarthy,R,R+13,R+13.36,340
CA-24,Salud,Carbajal,D,D+8,D+8.22,139
CA-25,Steve,Knight,R,D+1,D+1.11,188
CA-26,Julia,Brownley,D,D+9,D+8.71,135
CA-27,Judy,Chu,D,D+17,D+17.17,85
CA-28,Adam,Schiff,D,D+24,D+24.09,52
CA-29,Tony,Cárdenas,D,D+30,D+30.09,27
CA-30,Brad,Sherman,D,D+20,D+20.11,69
CA-31,Pete,Aguilar,D,D+9,D+9.18,130
CA-32,Grace,Napolitano,D,D+18,D+18.33,78
CA-33,Ted,Lieu,D,D+18,D+18.17,79
CA-34,Xavier,Becerra,D,D+37,D+36.51,10
CA-35,Norma,Torres,D,D+20,D+19.53,71
CA-36,Raul,Ruiz,D,D+3,D+2.51,178
CA-37,Karen,Bass,D,D+38,D+37.84,8
CA-38,Linda,Sánchez,D,D+18,D+18.47,76
CA-39,Ed,Royce,R,D+2,D+1.63,182
CA-40,Lucille,Roybal-Allard,D,D+34,D+34.36,16
CA-41,Mark,Takano,D,D+13,D+13,105
CA-42,Ken,Calvert,R,R+8,R+7.99,272
CA-43,Maxine,Waters,D,D+30,D+30.41,26
CA-44,Nanette,Barragán,D,D+36,D+35.56,13
CA-45,Mimi,Walters,R,R+1,R+0.66,200
CA-46,Lou,Correa,D,D+17,D+17.19,84
CA-47,Alan,Lowenthal,D,D+14,D+14.21,100
CA-48,Dana,Rohrabacher,R,R+2,R+2.14,214
CA-49,Darrell,Issa,R,D+1,D+0.82,191
CA-50,Duncan D.,Hunter,R,R+10,R+10.22,307
CA-51,Juan,Vargas,D,D+23,D+23.27,56
CA-52,Scott,Peters,D,D+9,D+8.53,136
CA-53,Susan,Davis,D,D+16,D+15.79,92
CO-01,Diana,DeGette,D,D+22,D+22.42,60
CO-02,Jared,Polis,D,D+10,D+9.78,127
CO-03,Scott,Tipton,R,R+7,R+6.95,255
CO-04,Ken,Buck,R,R+13,R+13.26,336
CO-05,Doug,Lamborn,R,R+14,R+13.93,345
CO-06,Mike,Coffman,R,D+3,D+2.98,176
CO-07,Ed,Perlmutter,D,D+6,D+5.54,163
CT-01,John B.,Larson,D,D+11,D+11.22,114
CT-02,Joe,Courtney,D,D+2,D+1.51,184
CT-03,Rosa,DeLauro,D,D+8,D+8.03,140
CT-04,Jim,Himes,D,D+9,D+9.05,132
CT-05,Elizabeth,Esty,D,D+1,D+1.32,186
DE-AL,Lisa,Blunt Rochester,D,D+6,D+5.53,164
FL-01,Matt,Gaetz,R,R+22,R+21.61,406
FL-02,Neal,Dunn,R,R+19,R+19.05,389
FL-03,Ted,Yoho,R,R+9,R+9.4,295
FL-04,John,Rutherford,R,R+16,R+16.41,366
FL-05,Al,Lawson,D,D+12,D+12.03,110
FL-06,Ron,DeSantis,R,R+9,R+8.69,282
FL-07,Stephanie,Murphy,D,D+2,D+1.54,183
FL-08,Bill,Posey,R,R+11,R+11.25,313
FL-09,Darren,Soto,D,D+5,D+5.14,168
FL-10,Val,Demings,D,D+12,D+11.92,111
FL-11,Daniel,Webster,R,R+16,R+16.24,363
FL-12,Gus,Bilirakis,R,R+10,R+9.52,297
FL-13,Charlie,Crist,D,D+1,D+1.28,187
FL-14,Kathy,Castor,D,D+8,D+7.83,142
FL-15,Dennis,Ross,R,R+6,R+5.87,243
FL-16,Vern,Buchanan,R,R+7,R+6.58,251
FL-17,Tom,Rooney,R,R+14,R+13.83,344
FL-18,Brian,Mast,R,R+5,R+5.34,241
FL-19,Francis,Rooney,R,R+13,R+12.59,328
FL-20,Alcee,Hastings,D,D+31,D+30.57,24
FL-21,Lois,Frankel,D,D+9,D+8.88,134
FL-22,Ted,Deutch,D,D+6,D+6.38,157
FL-23,Debbie,Wasserman Schultz,D,D+12,D+11.65,112
FL-24,Frederica,Wilson,D,D+33,D+33.33,20
FL-25,Mario,Díaz-Balart,R,R+3,R+3.28,223
FL-26,Carlos,Curbelo,R,D+6,D+6.39,156
FL-27,Ileana,Ros-Lehtinen,R,D+7,D+7.1,150
GA-01,Buddy,Carter,R,R+9,R+8.94,287
GA-02,Sanford,Bishop,D,D+5,D+5.39,165
GA-03,Drew,Ferguson,R,R+18,R+17.68,376
GA-04,Hank,Johnson,D,D+25,D+25.12,46
GA-05,John,Lewis,D,D+35,D+35.47,14
GA-06,Tom,Price,R,R+5,R+4.92,239
GA-07,Rob,Woodall,R,R+7,R+6.59,252
GA-08,Austin,Scott,R,R+15,R+15.47,356
GA-09,Doug,Collins,R,R+31,R+31.21,431
GA-10,Jody,Hice,R,R+14,R+14.49,349
GA-11,Barry,Loudermilk,R,R+16,R+15.65,360
GA-12,Rick,Allen,R,R+9,R+9.02,288
GA-13,David,Scott,D,D+21,D+20.7,65
GA-14,Tom,Graves,R,R+28,R+27.84,426
HI-01,Colleen,Hanabusa,D,D+17,D+16.86,87
HI-02,Tulsi,Gabbard,D,D+18,D+17.5,83
ID-01,Raúl,Labrador,R,R+22,R+21.67,407
ID-02,Mike,Simpson,R,R+16,R+16.3,364
IL-01,Bobby,Rush,D,D+27,D+26.81,41
IL-02,Robin,Kelly,D,D+29,D+29.24,31
IL-03,Dan,Lipinski,D,D+7,D+6.53,155
IL-04,Luis,Gutiérrez,D,D+34,D+33.95,19
IL-05,Mike,Quigley,D,D+22,D+21.56,64
IL-06,Peter,Roskam,R,EVEN,D+0.39,194
IL-07,Danny K.,Davis,D,D+39,D+38.53,6
IL-08,Raja,Krishnamoorthi,D,D+9,D+9.41,129
IL-09,Jan,Schakowsky,D,D+21,D+20.54,67
IL-10,Brad,Schneider,D,D+12,D+12.4,107
IL-11,Bill,Foster,D,D+10,D+10.18,122
IL-12,Mike,Bost,R,R+7,R+6.99,256
IL-13,Rodney,Davis,R,R+3,R+3.47,224
IL-14,Randy,Hultgren,R,R+4,R+4.19,228
IL-15,John,Shimkus,R,R+23,R+23.37,411
IL-16,Adam,Kinzinger,R,R+9,R+9.14,292
IL-17,Cheri,Bustos,D,D+1,D+0.53,192
IL-18,Darin,LaHood,R,R+15,R+15.27,353
IN-01,Pete,Visclosky,D,D+7,D+6.61,154
IN-02,Jackie,Walorski,R,R+12,R+12.19,323
IN-03,Jim,Banks,R,R+19,R+18.52,384
IN-04,Todd,Rokita,R,R+18,R+17.93,377
IN-05,Susan,Brooks,R,R+8,R+8.15,274
IN-06,Luke,Messer,R,R+20,R+20.2,396
IN-07,André,Carson,D,D+11,D+11.18,115
IN-08,Larry,Buchson,R,R+17,R+16.96,371
IN-09,Trey,Hollingsworth,R,R+14,R+14.02,346
IA-01,Rod,Blum,R,R+1,R+1.01,201
IA-02,Dave,Loebsack,D,R+1,R+1.31,202
IA-03,David,Young,R,R+2,R+2.2,216
IA-04,Steve,King,R,R+13,R+13.22,335
KS-01,Roger,Marshall,R,R+25,R+24.77,416
KS-02,Lynn,Jenkins,R,R+10,R+10.41,308
KS-03,Kevin,Yoder,R,R+2,R+2.05,211
KS-04,Mike,Pompeo,R,R+16,R+15.54,357
KY-01,James,Comer,R,R+25,R+24.56,414
KY-02,Brett,Guthrie,R,R+21,R+20.64,399
KY-03,John,Yarmuth,D,D+6,D+6.23,160
KY-04,Thomas,Massie,R,R+19,R+19.22,390
KY-05,Hal,Rogers,R,R+32,R+31.92,434
KY-06,Andy,Barr,R,R+9,R+9.15,294
LA-01,Steve,Scalise,R,R+23,R+23.46,412
LA-02,Cedric,Richmond,D,D+26,D+25.66,44
LA-03,Clay,Higgins,R,R+20,R+20.43,398
LA-04,Mike,Johnson,R,R+13,R+13.03,332
LA-05,Ralph,Abraham,R,R+16,R+15.58,358
LA-06,Garret,Graves,R,R+19,R+18.91,388
ME-01,Chellie,Pingree,D,D+7,D+7.37,147
ME-02,Bruce,Poliquin,R,R+4,R+4.4,231
MD-01,Andy,Harris,R,R+14,R+14.2,347
MD-02,Dutch,Ruppersberger,D,D+10,D+10.48,118
MD-03,John,Sarbanes,D,D+14,D+14.07,101
MD-04,Anthony G.,Brown,D,D+28,D+28.02,36
MD-05,Steny,Hoyer,D,D+16,D+16.18,88
MD-06,John,Delaney,D,D+6,D+6.27,158
MD-07,Elijah,Cummings,D,D+26,D+26.05,42
MD-08,Jamie,Raskin,D,D+15,D+15.21,96
MA-01,Richard,Neal,D,D+11,D+10.72,117
MA-02,Jim,McGovern,D,D+9,D+8.97,133
MA-03,Niki,Tsongas,D,D+10,D+9.79,126
MA-04,Joe,Kennedy III,D,D+10,D+10.31,120
MA-05,Katherine,Clark,D,D+20,D+19.97,70
MA-06,Seth,Moulton,D,D+7,D+7.15,149
MA-07,Mike,Capuano,D,D+35,D+35.37,15
MA-08,Stephen F.,Lynch,D,D+11,D+11.12,116
MA-09,Bill,Keating,D,D+5,D+4.5,170
MI-01,Jack,Bergman,R,R+11,R+10.82,310
MI-02,Bill,Huizenga,R,R+10,R+9.95,304
MI-03,Justin,Amash,R,R+6,R+6.04,246
MI-04,John,Moolenaar,R,R+12,R+12.22,324
MI-05,Dan,Kildee,D,D+3,D+3.18,175
MI-06,Fred,Upton,R,R+5,R+4.85,238
MI-07,Tim,Walberg,R,R+9,R+8.5,280
MI-08,Mike,Bishop,R,R+4,R+4.39,230
MI-09,Sander,Levin,D,D+4,D+3.65,174
MI-10,Paul,Mitchell,R,R+15,R+15.43,355
MI-11,Dave,Trott,R,R+4,R+3.74,227
MI-12,Debbie,Dingell,D,D+13,D+13.27,104
MI-13,John,Conyers,D,D+31,D+31.05,23
MI-14,Brenda,Lawrence,D,D+30,D+29.95,28
MN-01,Tim,Walz,D,R+7,R+7.25,261
MN-02,Jason,Lewis,R,R+2,R+1.81,210
MN-03,Erik,Paulsen,R,D+3,D+2.63,177
MN-04,Betty,McCollum,D,D+15,D+14.73,97
MN-05,Keith,Ellison,D,D+27,D+27.49,38
MN-06,Tom,Emmer,R,R+14,R+13.68,343
MN-07,Collin,Peterson,D,R+15,R+14.99,352
MN-08,Rick,Nolan,D,R+7,R+6.94,254
MS-01,Trent,Kelly,R,R+17,R+17.11,372
MS-02,Bennie,Thompson,D,D+14,D+13.66,102
MS-03,Gregg,Harper,R,R+13,R+13.33,338
MS-04,Steven,Palazzo,R,R+22,R+21.73,408
MO-01,Lacy,Clay,D,D+29,D+29.16,32
MO-02,Ann,Wagner,R,R+7,R+7.4,263
MO-03,Blaine,Luetkemeyer,R,R+20,R+20.03,394
MO-04,Vicky,Hartzler,R,R+19,R+18.74,386
MO-05,Emanuel,Cleaver,D,D+7,D+7.02,151
MO-06,Sam,Graves,R,R+17,R+16.94,370
MO-07,Billy,Long,R,R+24,R+24.1,413
MO-08,Jason,Smith,R,R+27,R+26.75,424
MT-AL,Ryan,Zinke,R,R+11,R+11.42,315
NE-01,Jeff,Fortenberry,R,R+12,R+11.92,322
NE-02,Don,Bacon,R,R+3,R+3.15,220
NE-03,Adrian,Smith,R,R+28,R+28.43,429
NV-01,Dina,Titus,D,D+14,D+14.45,99
NV-02,Mark,Amodei,R,R+7,R+7.41,264
NV-03,Jackie,Rosen,D,R+2,R+1.62,206
NV-04,Ruben,Kihuen,D,D+2,D+2.01,181
NH-01,Carol,Shea-Porter,D,R+2,R+1.75,209
NH-02,Annie,Kuster,D,D+1,D+0.85,189
NJ-01,Donald,Norcross,D,D+12,D+12.11,108
NJ-02,Frank,LoBiondo,R,R+2,R+2.09,213
NJ-03,Tom,MacArthur,R,R+3,R+3.15,221
NJ-04,Chris,Smith,R,R+8,R+8.26,276
NJ-05,Josh,Gottheimer,D,R+2,R+2.14,215
NJ-06,Frank,Pallone,D,D+8,D+7.75,143
NJ-07,Leonard,Lance,R,R+2,R+1.67,207
NJ-08,Albio,Sires,D,D+27,D+26.84,40
NJ-09,Bill,Pascrell,D,D+15,D+15.41,95
NJ-10,Donald,Payne Jr.,D,D+36,D+35.99,11
NJ-11,Rodney,Frelinghuysen,R,R+2,R+2.4,217
NJ-12,Bonnie,Watson Coleman,D,D+16,D+15.86,90
NM-01,Michelle,Lujan Grisham,D,D+8,D+7.88,141
NM-02,Steve,Pearce,R,R+6,R+6.46,249
NM-03,Ben Ray,Luján,D,D+8,D+7.55,146
NY-01,Lee,Zeldin,R,R+6,R+6.02,245
NY-02,Peter T.,King,R,R+4,R+4.26,229
NY-03,Tom,Suozzi,D,D+1,D+1.39,185
NY-04,Kathleen,Rice,D,D+4,D+3.94,172
NY-05,Gregory,Meeks,D,D+37,D+36.53,9
NY-06,Grace,Meng,D,D+16,D+16.07,89
NY-07,Nydia,Velázquez,D,D+38,D+38.06,7
NY-08,Hakeem,Jeffries,D,D+36,D+35.81,12
NY-09,Yvette,Clarke,D,D+34,D+34.11,18
NY-10,Jerry,Nadler,D,D+28,D+27.83,37
NY-11,Dan,Donovan,R,R+5,R+4.56,234
NY-12,Carolyn,Maloney,D,D+33,D+32.76,21
NY-13,Adriano,Espaillat,D,D+43,D+43.35,2
NY-14,Joe,Crowley,D,D+29,D+28.83,33
NY-15,José E.,Serrano,D,D+44,D+44.2,1
NY-16,Eliot,Engel,D,D+25,D+24.98,48
NY-17,Nita,Lowey,D,D+8,D+8.38,137
NY-18,Sean Patrick,Maloney,D,R+2,R+1.59,205
NY-19,John,Faso,R,R+3,R+3.24,222
NY-20,Paul,Tonko,D,D+7,D+6.63,153
NY-21,Elise,Stefanik,R,R+6,R+6.08,247
NY-22,Claudia,Tenney,R,R+8,R+7.56,267
NY-23,Tom,Reed,R,R+7,R+7.4,262
NY-24,John,Katko,R,D+2,D+2.16,180
NY-25,Louise,Slaughter,D,D+8,D+7.63,145
NY-26,Brian,Higgins,D,D+10,D+10.15,123
NY-27,Chris,Collins,R,R+13,R+12.57,327
NC-01,G. K.,Butterfield,D,D+18,D+17.7,81
NC-02,George,Holding,R,R+7,R+7.23,260
NC-03,Walter B.,Jones Jr.,R,R+13,R+12.83,330
NC-04,David,Price,D,D+18,D+18.36,77
NC-05,Virginia,Foxx,R,R+10,R+9.91,303
NC-06,Mark,Walker,R,R+9,R+8.59,281
NC-07,David,Rouzer,R,R+10,R+9.89,302
NC-08,Richard,Hudson,R,R+8,R+8.38,278
NC-09,Robert,Pittenger,R,R+7,R+7.5,265
NC-10,Patrick,McHenry,R,R+13,R+12.98,331
NC-11,Mark,Meadows,R,R+15,R+15.34,354
NC-12,Alma,Adams,D,D+19,D+18.91,74
NC-13,Ted,Budd,R,R+6,R+5.77,242
ND-AL,Kevin,Cramer,R,R+19,R+18.71,385
OH-01,Steve,Chabot,R,R+5,R+4.71,236
OH-02,Brad,Wenstrup,R,R+9,R+9.05,289
OH-03,Joyce,Beatty,D,D+19,D+19.1,73
OH-04,Jim,Jordan,R,R+16,R+16.38,365
OH-05,Bob,Latta,R,R+13,R+12.56,326
OH-06,Bill,Johnson,R,R+20,R+19.56,392
OH-07,Bob,Gibbs,R,R+14,R+14.22,348
OH-08,Warren,Davidson,R,R+18,R+18.08,380
OH-09,Marcy,Kaptur,D,D+12,D+12.07,109
OH-10,Mike,Turner,R,R+4,R+4.43,232
OH-11,Marcia,Fudge,D,D+32,D+31.54,22
OH-12,Pat,Tiberi,R,R+7,R+7.18,259
OH-13,Tim,Ryan,D,D+5,D+4.65,169
OH-14,David,Joyce,R,R+6,R+6.25,248
OH-15,Steve,Stivers,R,R+8,R+8.22,275
OH-16,Jim,Renacci,R,R+9,R+8.9,285
OK-01,Jim,Bridenstine,R,R+17,R+16.73,368
OK-02,Markwayne,Mullin,R,R+25,R+25.4,420
OK-03,Frank,Lucas,R,R+28,R+28.26,428
OK-04,Tom,Cole,R,R+20,R+20.41,397
OK-05,Steve,Russell,R,R+9,R+9.14,293
OR-01,Suzanne,Bonamici,D,D+10,D+10.2,121
OR-02,Greg,Walden,R,R+12,R+11.53,318
OR-03,Earl,Blumenauer,D,D+24,D+24.22,51
OR-04,Peter,DeFazio,D,EVEN,R+0.39,198
OR-05,Kurt,Schrader,D,D+1,D+0.83,190
PA-01,Bob,Brady,D,D+30,D+30.43,25
PA-02,Dwight,Evans,D,D+41,D+40.61,4
PA-03,Mike,Kelly,R,R+13,R+13.08,334
PA-04,Scott,Perry,R,R+12,R+11.72,319
PA-05,Glenn,Thompson,R,R+15,R+14.61,350
PA-06,Ryan,Costello,R,R+1,R+1.45,204
PA-07,Pat,Meehan,R,R+1,R+0.64,199
PA-08,Mike,Fitzpatrick,R,R+1,R+1.43,203
PA-09,Bill,Shuster,R,R+21,R+21.22,402
PA-10,Tom,Marino,R,R+18,R+18.05,379
PA-11,Lou,Barletta,R,R+12,R+11.8,320
PA-12,Keith,Rothfus,R,R+11,R+11.49,316
PA-13,Brendan,Boyle,D,D+16,D+15.84,91
PA-14,Mike,Doyle,D,D+17,D+17.17,86
PA-15,Charlie,Dent,R,R+5,R+4.63,235
PA-16,Lloyd,Smucker,R,R+5,R+4.78,237
PA-17,Matt,Cartwright,D,R+4,R+3.71,226
PA-18,Tim,Murphy,R,R+11,R+11.06,311
RI-01,David,Cicilline,D,D+13,D+12.97,106
RI-02,James,Langevin,D,D+4,D+4.16,171
SC-01,Mark,Sanford,R,R+9,R+8.73,283
SC-02,Joe,Wilson,R,R+12,R+11.9,321
SC-03,Jeff,Duncan,R,R+20,R+20.07,395
SC-04,Trey,Gowdy,R,R+15,R+14.82,351
SC-05,Mick,Mulvaney,R,R+10,R+10.05,306
SC-06,Jim,Clyburn,D,D+19,D+19.11,72
SC-07,Tom,Rice,R,R+10,R+9.83,301
SD-AL,Kristi,Noem,R,R+16,R+15.61,359
TN-01,Phil,Roe,R,R+29,R+29.49,430
TN-02,Jimmy,Duncan,R,R+20,R+19.96,393
TN-03,Chuck,Fleischmann,R,R+19,R+18.75,387
TN-04,Scott,DesJarlais,R,R+21,R+21.46,404
TN-05,Jim,Cooper,D,D+8,D+7.64,144
TN-06,Diane,Black,R,R+25,R+25.41,421
TN-07,Marsha,Blackburn,R,R+21,R+20.87,400
TN-08,David,Kustoff,R,R+19,R+19.34,391
TN-09,Steve,Cohen,D,D+28,D+28.21,35
TX-01,Louie,Gohmert,R,R+25,R+24.94,418
TX-02,Ted,Poe,R,R+8,R+8.46,279
TX-03,Sam,Johnson,R,R+11,R+10.72,309
TX-04,John,Ratcliffe,R,R+28,R+28.24,427
TX-05,Jeb,Hensnarling,R,R+16,R+16.12,362
TX-06,Joe,Barton,R,R+8,R+8.28,277
TX-07,John,Culberson,R,R+3,R+3.5,225
TX-08,Kevin,Brady,R,R+27,R+27.27,425
TX-09,Al,Green,D,D+29,D+29.45,30
TX-10,Michael,McCaul,R,R+8,R+7.52,266
TX-11,Mike,Conaway,R,R+32,R+31.6,432
TX-12,Kay,Granger,R,R+18,R+17.63,375
TX-13,Mac,Thornberry,R,R+34,R+33.57,435
TX-14,Randy,Weber,R,R+11,R+11.5,317
TX-15,Vicente,Gonzalez,D,D+7,D+7.16,148
TX-16,Beto,O'Rourke,D,D+18,D+18.5,75
TX-17,Bill,Flores,R,R+11,R+11.1,312
TX-18,Sheila,Jackson Lee,D,D+27,D+27.39,39
TX-19,Jodey,Arrington,R,R+27,R+26.64,423
TX-20,Joaquin,Castro,D,D+12,D+11.62,113
TX-21,Lamar,Smith,R,R+8,R+8.07,273
TX-22,Pete,Olson,R,R+8,R+7.62,268
TX-23,Will,Hurd,R,EVEN,R+0.3,197
TX-24,Kenny,Marchant,R,R+7,R+6.64,253
TX-25,Roger,Williams,R,R+10,R+10,305
TX-26,Michael C.,Burgess,R,R+16,R+16.46,367
TX-27,Blake,Farenthold,R,R+13,R+13.3,337
TX-28,Henry,Cuellar,D,D+9,D+9.11,131
TX-29,Gene,Green,D,D+21,D+20.57,66
TX-30,Eddie Bernice,Johnson,D,D+30,D+29.65,29
TX-31,John,Carter,R,R+9,R+9.12,290
TX-32,Pete,Sessions,R,R+3,R+2.56,218
TX-33,Marc,Veasey,D,D+23,D+23.41,54
TX-34,Filemon,Vela Jr.,D,D+10,D+9.84,125
TX-35,Lloyd,Doggett,D,D+16,D+15.63,94
TX-36,Brian,Babin,R,R+25,R+25.36,419
UT-01,Rob,Bishop,R,R+23,R+22.84,410
UT-02,Chris,Stewart,R,R+13,R+13.07,333
UT-03,Jason,Chaffetz,R,R+22,R+21.57,405
UT-04,Mia,Love,R,R+10,R+9.59,298
VT-AL,Peter,Welch,D,D+15,D+14.63,98
VA-01,Rob,Wittman,R,R+8,R+7.76,269
VA-02,Scott,Taylor,R,R+3,R+2.95,219
VA-03,Bobby,Scott,D,D+16,D+15.63,93
VA-04,Donald,McEachin,D,D+10,D+9.96,124
VA-05,Tom,Garrett,R,R+7,R+6.52,250
VA-06,Bob,Goodlatte,R,R+14,R+13.62,342
VA-07,Dave,Brat,R,R+5,R+5.26,240
VA-08,Don,Beyer,D,D+24,D+24.23,50
VA-09,Morgan,Griffith,R,R+21,R+21.11,401
VA-10,Barbara,Comstock,R,D+2,D+2.48,179
VA-11,Gerry,Connolly,D,D+18,D+17.64,82
WA-01,Suzan,DelBene,D,D+7,D+6.74,152
WA-02,Rick,Larsen,D,D+10,D+10.43,119
WA-03,Jaime,Herrera Beutler,R,R+5,R+4.54,233
WA-04,Dan,Newhouse,R,R+13,R+13.34,339
WA-05,Cathy,McMorris Rodgers,R,R+8,R+7.94,271
WA-06,Derek,Kilmer,D,D+6,D+5.68,162
WA-07,Pramila,Jayapal,D,D+34,D+34.3,17
WA-08,Dave,Reichert,R,EVEN,D+0.1,196
WA-09,Adam,Smith,D,D+22,D+22.44,59
WA-10,Denny,Heck,D,D+5,D+5.28,166
WV-01,David,McKinley,R,R+21,R+21.27,403
WV-02,Alex,Mooney,R,R+18,R+18.5,383
WV-03,Evan,Jenkins,R,R+25,R+24.73,415
WI-01,Paul,Ryan,R,R+6,R+5.96,244
WI-02,Mark,Pocan,D,D+18,D+18.03,80
WI-03,Ron,Kind,D,R+2,R+1.72,208
WI-04,Gwen,Moore,D,D+26,D+25.6,45
WI-05,Jim,Sensenbrenner,R,R+12,R+12.27,325
WI-06,Glenn,Grothman,R,R+9,R+8.93,286
WI-07,Sean,Duffy,R,R+10,R+9.78,300
WI-08,Mike,Gallagher,R,R+9,R+8.75,284
WY-AL,Liz,Cheney,R,R+26,R+25.9,422