"total_population","pct_male","pct_18_and_older","pct_senior","median_age","pct_white","pct_black","pct_amer_indian","pct_asian","pct_pi","pct_latino","total_housing_units","est_voting_age_pop","state","state_ab","cd","year","average","voting_age_pop_over_total"
735510,48.2,77.8,19.7,41.1,69.7,27.9,1.8,2.1,0.1,4,357312,559945,"Alabama","AL","AL-1",2020,FALSE,76.1301681826216
724401,48.7,77,18.2,39,65.6,32.2,1.7,2.1,0.2,5.2,333411,544022,"Alabama","AL","AL-2",2020,FALSE,75.0995650199268
730373,48.3,78.9,18.4,40.1,72.4,25,2,2,0.4,4.2,345653,562928,"Alabama","AL","AL-3",2020,FALSE,77.0740429889933
722049,48.8,77.2,19.4,40.8,87.4,7.6,2.5,1.2,0.1,8.1,328259,541940,"Alabama","AL","AL-4",2020,FALSE,75.0558480103151
758622,49,78.3,17.2,39.4,76.3,19.8,2.9,2.9,0.2,7,330809,578483,"Alabama","AL","AL-5",2020,FALSE,76.2544455605031
722381,48.3,76.5,17.3,39.8,75.1,21.2,1.1,2.4,0,6.9,308975,533013,"Alabama","AL","AL-6",2020,FALSE,73.7855785243521
715132,47.3,79.4,17.6,36.9,40.8,56.6,1.9,1.7,0,4.5,355701,551535,"Alabama","AL","AL-7",2020,FALSE,77.1235240487071
733406,52.6,76.2,14,36.5,72.2,5.4,20.5,9.1,2.5,7.5,329681,540681,"Alaska","AK","AK-1",2020,FALSE,73.7219221004464
804256,49,82.4,21,42.5,82.7,5.4,3.2,6.5,0.4,16.9,412711,619000,"Arizona","AZ","AZ-1",2020,FALSE,76.965543309593
833298,49.8,79.9,23.9,42.6,71.4,4.1,22,2.4,0.6,18.1,396607,644060,"Arizona","AZ","AZ-2",2020,FALSE,77.2904771162297
814391,50.7,74,8.8,31.5,63.7,14.4,5.5,3.7,0.5,62.6,291829,484843,"Arizona","AZ","AZ-3",2020,FALSE,59.5344251102971
814381,50.3,80.7,16.2,35.8,77.4,7.8,4.4,8,0.9,29.2,360026,596044,"Arizona","AZ","AZ-4",2020,FALSE,73.1898214717681
857744,50.1,74.7,16.4,38.5,82.4,5.4,3.6,8.7,0.5,19.6,329615,604739,"Arizona","AZ","AZ-5",2020,FALSE,70.5034369229047
813933,50.2,82.1,27.4,46,84.2,5.3,3.7,5.2,0.9,26.3,390434,643754,"Arizona","AZ","AZ-6",2020,FALSE,79.0917679956458
811832,50.1,76.7,14.4,34.1,75,5.3,5.7,3.1,0.3,60.3,325132,542826,"Arizona","AZ","AZ-7",2020,FALSE,66.8643266094463
800203,48.8,79.6,24.3,43.5,81.5,6.9,4,6.8,0.6,21.1,349543,597906,"Arizona","AZ","AZ-8",2020,FALSE,74.7192899801675
881306,50.1,78.6,21.7,41.9,77.4,6.1,3.7,3.6,0.5,30.8,383577,650847,"Arizona","AZ","AZ-9",2020,FALSE,73.8502858258085
752628,49.9,77.2,19.2,40.4,81,17.4,3.1,1,0.1,4.3,353185,571650,"Arkansas","AR","AR-1",2020,FALSE,75.9538576826799
774027,48.5,77.3,17.8,38.9,74.7,22.9,1.5,2.4,0.1,6.4,359625,580517,"Arkansas","AR","AR-2",2020,FALSE,74.9995801180062
797092,49.6,76.1,14.9,35.8,86.1,4.4,4.2,4.4,1.4,17.5,335863,554417,"Arkansas","AR","AR-3",2020,FALSE,69.5549572696753
743985,49.2,78,20.2,40.9,77.8,20.2,2.8,1,0.4,7.8,360431,564079,"Arkansas","AR","AR-4",2020,FALSE,75.8185984932492
755464,49.9,77.4,19,38.5,77.5,3.4,5.1,8,0.7,24.2,321592,549640,"California","CA","CA-1",2020,FALSE,72.7552868171084
743918,49.8,80.8,23.5,44.9,82.4,3.1,5,6.7,0.6,21.4,334938,549523,"California","CA","CA-2",2020,FALSE,73.8687597288948
788130,49.2,79.7,22.8,44,82.9,3.1,2.9,12,0.5,15.2,382678,595786,"California","CA","CA-3",2020,FALSE,75.5948891680306
761543,49.2,80.5,20.1,39.6,69.3,5.2,3.6,12,0.8,32.9,311659,547178,"California","CA","CA-4",2020,FALSE,71.8512283613663
782849,49.6,78.4,21.4,41.4,78.2,4.6,4.1,8.5,1,29.3,331508,581611,"California","CA","CA-5",2020,FALSE,74.2941486800136
747786,48.6,77.2,15.8,37.6,61.9,14.2,3.6,15.6,1.4,24.3,292074,510123,"California","CA","CA-6",2020,FALSE,68.2177788832634
762568,49.8,77.7,15.3,37.6,47.4,13.2,3.8,28.2,2.5,27.2,281677,534437,"California","CA","CA-7",2020,FALSE,70.0838482600896
752009,50.4,79,16.4,39.3,41.5,16.7,3.7,22.7,2.2,37.8,275515,494469,"California","CA","CA-8",2020,FALSE,65.7530694446476
770568,50,74.2,14,36,47.6,9.7,4.6,21.1,1.3,42.5,257633,482687,"California","CA","CA-9",2020,FALSE,62.6404159009977
746449,48.5,77.9,18.1,41.5,62.6,7.3,2.4,27.4,1,17.6,282903,516391,"California","CA","CA-10",2020,FALSE,69.1796760394883
701735,51.4,87.2,18.3,40.3,54,6.6,2.4,36.5,0.7,15.2,382098,527241,"California","CA","CA-11",2020,FALSE,75.1339180744868
734171,48.8,83.1,16.6,38.6,46.5,18.7,3,24.9,1,24.8,326858,518490,"California","CA","CA-12",2020,FALSE,70.6225116491934
784322,50.9,71.4,11.3,32.7,50.5,3.6,3.7,9,1.2,66.1,237172,437527,"California","CA","CA-13",2020,FALSE,55.784103977703
725962,50.1,78.1,16.4,40.2,36.6,7.3,1.9,44.2,2,23.5,259571,451400,"California","CA","CA-14",2020,FALSE,62.1795631176287
721009,50.1,81.3,18.5,41.4,41.6,3.9,2.4,42.1,2.1,25.6,278186,473642,"California","CA","CA-15",2020,FALSE,65.6915517004642
748899,49.7,78.2,17.3,40.1,54.8,2.7,2.4,35.2,1.3,19.5,291991,485154,"California","CA","CA-16",2020,FALSE,64.7823004170122
744019,51.6,82,14.1,37.7,28.5,3.6,1.3,61.4,0.4,15,290795,434159,"California","CA","CA-17",2020,FALSE,58.3532140980271
743048,52.3,75.3,12.6,35,46.9,3.1,4.3,12.9,0.7,66.8,231155,406192,"California","CA","CA-18",2020,FALSE,54.6656474413497
725878,49.7,81.7,20.4,42.1,64.2,3.7,3,22.4,0.9,26.1,296356,532037,"California","CA","CA-19",2020,FALSE,73.2956502332348
794847,49.6,73.2,14.7,35.7,71.5,5.3,3.8,11.1,0.4,36.2,297885,547639,"California","CA","CA-20",2020,FALSE,68.8986685487899
749912,51.2,71.4,11.8,32.3,51,5.8,4.2,10.5,0.3,65.5,242021,445569,"California","CA","CA-21",2020,FALSE,59.4161714974557
774942,51.4,70,9.9,30.5,53.6,5.5,3.5,4.2,0.4,76,229038,414267,"California","CA","CA-22",2020,FALSE,53.4578071649233
768047,50.1,75,15.3,35.4,66,11.7,3.9,6.8,0.9,43.5,310349,529980,"California","CA","CA-23",2020,FALSE,69.0035896240725
761285,49.8,80.3,19.5,37.6,78.2,2.8,4.5,7.6,0.4,39.2,301644,542676,"California","CA","CA-24",2020,FALSE,71.284210249775
779900,49.8,74.9,17.3,36.4,59.8,5.5,4.9,4.4,0.7,68.3,283744,486568,"California","CA","CA-25",2020,FALSE,62.3885113476087
739517,49.8,77.8,18,39.7,75.3,3.2,3.2,10.9,0.7,44.8,260487,499816,"California","CA","CA-26",2020,FALSE,67.5868168006956
736850,49.4,75,13.9,38.4,59,11.4,3,13.5,0.9,44.5,247697,498084,"California","CA","CA-27",2020,FALSE,67.5963900386782
746863,48.8,80.9,20.1,43,40.9,4.9,3,40.6,0.5,29,290752,518501,"California","CA","CA-28",2020,FALSE,69.4238434625895
719359,50.9,78.5,12.5,36.4,53.7,5.4,2.7,8.6,0.7,65.7,247570,428017,"California","CA","CA-29",2020,FALSE,59.4997768846987
745825,49.6,85.6,17.2,39.9,69.2,6.4,2.3,15.6,0.3,23.7,374813,550213,"California","CA","CA-30",2020,FALSE,73.7723996916167
717084,49.6,78.7,16.8,39.4,41.5,3.8,5,21.4,0.6,61.1,225280,467117,"California","CA","CA-31",2020,FALSE,65.1411829018637
760602,49.5,81.5,18.9,41.2,63.8,6.9,1.9,16.9,0.3,26.1,321212,545676,"California","CA","CA-32",2020,FALSE,71.7426459567553
763598,50,72.9,11.2,33.7,39.8,10.9,3,9.5,0.8,64.3,227607,471795,"California","CA","CA-33",2020,FALSE,61.7857825714578
714948,50.8,81.5,14.3,37,34,5.5,5.3,19.9,0.4,63.9,292920,420426,"California","CA","CA-34",2020,FALSE,58.8051158965407
749769,49.8,76.1,11.3,35.2,38.2,7.6,3.1,14.8,0.6,65.5,229472,467215,"California","CA","CA-35",2020,FALSE,62.3145262074052
742266,49.2,82.8,19.2,40.5,69.9,6.8,2.1,22.2,0.6,15.7,362673,553490,"California","CA","CA-36",2020,FALSE,74.5676078386993
735660,49,79.5,12.2,35.2,35.3,25.3,3.2,8.6,0.4,53.7,281026,439592,"California","CA","CA-37",2020,FALSE,59.754778022456
723495,49.5,78.8,17.3,40.5,37.1,3.5,3.4,23.3,0.4,61.7,235602,492224,"California","CA","CA-38",2020,FALSE,68.0341951222883
767217,50.3,75.3,11.1,33.2,43.5,10.3,3.1,7.9,0.7,63.5,224141,495358,"California","CA","CA-39",2020,FALSE,64.5655661957438
755867,49.7,78.9,18.7,42.5,65.1,3.3,1.7,24.1,0.6,26,280310,537691,"California","CA","CA-40",2020,FALSE,71.1356627554848
811664,51.1,78.1,19.4,40.8,65.2,8,4.3,11,0.7,42,329908,578367,"California","CA","CA-41",2020,FALSE,71.2569486881271
711011,50,79.8,13.5,37.3,55.5,6.5,4.4,9.4,0.9,65,258257,449013,"California","CA","CA-42",2020,FALSE,63.1513436500982
716670,48.5,77.6,13.7,36.4,33.2,22.9,3.6,10,0.7,60.6,248960,432910,"California","CA","CA-43",2020,FALSE,60.4057655545788
737874,48.3,77.8,14.4,37.4,39.8,12,4,13.4,1.1,63.8,243628,464264,"California","CA","CA-44",2020,FALSE,62.9191433767825
737224,49.4,78.9,18.4,41.2,43.6,3.1,2.2,41.9,0.6,31.7,246598,496917,"California","CA","CA-45",2020,FALSE,67.4038012869901
746079,50.4,78.9,12.5,35.7,47.3,2.1,3.1,17.9,0.8,65.4,232543,440644,"California","CA","CA-46",2020,FALSE,59.0613058402662
754022,48.5,80.2,16.5,38.6,64.4,2.8,1.8,29.6,1,16.7,317199,529297,"California","CA","CA-47",2020,FALSE,70.1964929405243
740583,50.4,76.6,17.9,40.1,74.3,5.9,3.5,11.4,0.9,28,265342,528875,"California","CA","CA-48",2020,FALSE,71.4133324691493
751418,51,79.6,18.7,40.8,79.5,4.3,2.6,9.6,1,27,298746,552643,"California","CA","CA-49",2020,FALSE,73.5466810749809
781251,50.1,83,14.7,37.2,70.6,4.5,2.3,18.5,0.8,24.2,345826,581629,"California","CA","CA-50",2020,FALSE,74.4484167060266
748700,50.5,79.9,15.4,36.4,65.1,9.1,2.4,21,1.1,26.2,300053,534519,"California","CA","CA-51",2020,FALSE,71.3929477761453
740517,49.9,76.3,14.1,36.6,51.7,10.2,4,17,0.8,61.2,242865,473688,"California","CA","CA-52",2020,FALSE,63.9672012931506
722087,50.7,82.4,12.9,35.5,77.8,11.2,3.6,5.5,0.6,27.9,370467,541797,"Colorado","CO","CO-1",2020,FALSE,75.0320944706109
721783,51,82.7,17.3,38.3,91.8,2,1.9,5.2,0.2,14.4,377260,565825,"Colorado","CO","CO-2",2020,FALSE,78.392674806694
730686,50.5,80.3,22.1,42.4,89.1,1.8,5.3,1.7,0.2,25.9,359187,566695,"Colorado","CO","CO-3",2020,FALSE,77.5565701272503
767791,50.6,77.3,15.7,39.6,89.9,3.3,2.4,5.4,0.2,15.5,306454,573315,"Colorado","CO","CO-4",2020,FALSE,74.6707111700971
737347,50.8,77.1,14.3,35.3,83,9.1,3.4,5.6,0.8,19.2,309088,550133,"Colorado","CO","CO-5",2020,FALSE,74.6097834533808
730351,50,77.3,14.7,37.2,72.2,12.5,3.6,7.9,0.5,24.6,299088,498532,"Colorado","CO","CO-6",2020,FALSE,68.2592342585962
726989,51.6,82.5,19.1,41.3,91.4,2.3,3,4.8,0.3,15.7,335922,581226,"Colorado","CO","CO-7",2020,FALSE,79.9497654022275
740576,50.4,75.8,12.6,35.1,81,4.3,4.6,4.8,0.4,38.8,280627,512843,"Colorado","CO","CO-8",2020,FALSE,69.2492060234196
716454,48.8,80.3,19.2,41.2,69.5,19.4,0.8,7.3,0.4,18.3,318884,536804,"Connecticut","CT","CT-1",2020,FALSE,74.925117313882
730400,50.1,81.6,20.4,42.5,87.2,6.8,2.2,4.3,0.3,10.8,317654,573393,"Connecticut","CT","CT-2",2020,FALSE,78.5039704271632
726058,48.5,81.1,19.7,41.6,71,17,1,5.8,0.1,17.3,314998,548259,"Connecticut","CT","CT-3",2020,FALSE,75.5117359770156
721814,48.6,78,17.4,40.7,69.2,13.8,1.1,7.7,0.1,22.7,285557,488369,"Connecticut","CT","CT-4",2020,FALSE,67.658565780104
722450,49.4,79.1,18.7,41.3,74.4,12.8,1.5,4.5,0,24,308917,513282,"Connecticut","CT","CT-5",2020,FALSE,71.0474081251298
1031890,48.4,79.5,21.3,42,66.2,25.8,1.5,5.1,0.3,11.1,471472,770737,"Delaware","DE","DE-1",2020,FALSE,74.6917791625076
678972,47.4,81.4,13.1,34.9,47.5,45.8,1.5,6.4,0.3,12,367125,508689,"District of Columbia","DC","DC-1",2020,FALSE,74.920468001626
803679,50.5,78.5,17.8,39.2,80.1,15.3,2.2,4.8,0.5,8.5,379180,606899,"Florida","FL","FL-1",2020,FALSE,75.5150999341777
799012,49.8,80.5,18.3,39.9,72.7,23.9,2.2,3.1,0.2,7.8,401321,619765,"Florida","FL","FL-2",2020,FALSE,77.5664195281172
807523,49.9,81.4,21.6,40.6,77.4,16.9,2.5,3.9,0.1,12.4,361189,625922,"Florida","FL","FL-3",2020,FALSE,77.5113526178202
811996,48.9,77.3,16.8,38.9,61.8,34,1.6,3.8,0.2,10.5,348177,607927,"Florida","FL","FL-4",2020,FALSE,74.868225951852
837211,48.6,78.3,17.3,39.1,78.2,14.4,1.2,7.9,0.3,12.6,373053,615650,"Florida","FL","FL-5",2020,FALSE,73.5358231079143
821498,49,82.3,28.3,48.4,81.9,14,1.3,2.6,0.2,14.4,405205,650810,"Florida","FL","FL-6",2020,FALSE,79.2223474676749
802027,48.8,80.3,20.2,41.9,77,13,1.9,5.1,0.4,22.5,356298,609567,"Florida","FL","FL-7",2020,FALSE,76.0033016344836
817216,49.2,82.6,27,48.6,84.4,11.8,1.2,3.4,0.2,12.8,392643,653921,"Florida","FL","FL-8",2020,FALSE,80.0181347403869
842005,48.7,77.7,14.2,37.8,58.5,15.2,1.5,5.8,0.3,53.4,342074,560968,"Florida","FL","FL-9",2020,FALSE,66.6228822869223
784303,49.7,80,12.7,35.3,57,29.5,1.5,6.2,0.3,30.4,329329,536416,"Florida","FL","FL-10",2020,FALSE,68.3939752876121
843676,49.1,81,26.3,45.9,77.1,15.3,1.7,5,0.4,19.6,375081,634856,"Florida","FL","FL-11",2020,FALSE,75.2487921903669
843806,48.6,81.9,26.1,47.2,88.6,6.8,2.1,2.9,0.3,15.9,386037,660941,"Florida","FL","FL-12",2020,FALSE,78.3285494533104
767679,48.7,85.4,27.8,50.7,84.4,9,1.3,4.7,0.2,11.4,415771,626303,"Florida","FL","FL-13",2020,FALSE,81.5839693413523
784928,49.3,81.6,17.5,40.1,73.4,19.5,1.6,5.1,0.2,27.5,379996,567447,"Florida","FL","FL-14",2020,FALSE,72.2928727220841
828431,49.9,76.6,16.7,37.3,67.1,20.3,1.8,6.8,0.3,27.1,340318,569943,"Florida","FL","FL-15",2020,FALSE,68.7978841931314
850603,48.3,79.7,22.6,43.7,78.1,13.5,1.7,4.3,0.3,23.2,388831,621521,"Florida","FL","FL-16",2020,FALSE,73.0682821480761
851634,48.5,84.9,35.5,55.4,89.2,6.8,1.2,2.3,0.1,15.6,465495,670201,"Florida","FL","FL-17",2020,FALSE,78.6958951850208
853391,49.9,79.1,21.5,40.9,73.1,14.5,1.7,2.6,0.1,30.7,379689,616885,"Florida","FL","FL-18",2020,FALSE,72.2863259631283
809197,49.1,85.5,33.6,53.8,85.2,9.1,2.3,2.4,0,20.5,509427,624731,"Florida","FL","FL-19",2020,FALSE,77.2038205776838
803297,49.1,78.4,17.5,39.6,38.1,54.2,1.9,3.3,0.4,24.8,324422,517838,"Florida","FL","FL-20",2020,FALSE,64.464077420929
820276,49.6,82,27.8,48.5,79.2,15.8,1.1,2.7,0.2,19.3,398673,623828,"Florida","FL","FL-21",2020,FALSE,76.0509877163296
773713,48.6,81.6,26.8,46.5,66.5,19,1.1,4,0.2,28.1,372601,536230,"Florida","FL","FL-22",2020,FALSE,69.3060605159794
780374,48.8,81.1,22.6,44.2,75.6,14.8,1.4,5.5,0.1,23.9,397888,546228,"Florida","FL","FL-23",2020,FALSE,69.9956687434487
772726,48.8,77.1,16.8,38.8,46.3,42.9,0.9,2.2,0.1,39.2,355143,462494,"Florida","FL","FL-24",2020,FALSE,59.8522632860807
779002,48.9,79.6,17.4,41.7,68.8,20.6,1.8,6.3,0.2,44.7,324002,515277,"Florida","FL","FL-25",2020,FALSE,66.1457865319986
809482,49.8,81.8,20.5,44.1,80.5,7.3,1.5,1.7,0.2,72.3,325467,473263,"Florida","FL","FL-26",2020,FALSE,58.4649195411386
746930,48.4,82.2,18.8,42.3,81.3,8.2,1.1,3.3,0.1,71.6,336280,472967,"Florida","FL","FL-27",2020,FALSE,63.3214625199149
765111,50.1,79.6,17.1,41,77.4,11.1,0.8,2.2,0,74,288233,484799,"Florida","FL","FL-28",2020,FALSE,63.3632244210317
799549,49.3,77,16.7,37,65.5,30.4,2.9,3,0.3,8.4,351834,593579,"Georgia","GA","GA-1",2020,FALSE,74.2392273644267
757219,48.3,76.7,17,37.4,44.2,52.9,1.5,2.6,0.3,6.3,349798,564949,"Georgia","GA","GA-2",2020,FALSE,74.6084025889472
793606,48.8,77.2,17.3,40.3,69.7,25.9,2.1,2.5,0.1,7.4,320838,589311,"Georgia","GA","GA-3",2020,FALSE,74.2573770863628
764506,47.5,76.7,14.2,37,34.3,56.3,2.4,7.2,0.2,11.8,320293,524459,"Georgia","GA","GA-4",2020,FALSE,68.6010312541694
774627,48,81.3,13.2,35.3,42.2,52,1.4,5.7,0,7,398768,596136,"Georgia","GA","GA-5",2020,FALSE,76.9578132443098
797492,49.5,76.1,14.7,40.6,73,11,1.6,15.3,0.1,11,305541,543026,"Georgia","GA","GA-6",2020,FALSE,68.0917175344706
778113,48.9,74.8,12.1,36.8,40.9,31.9,1.3,16.2,0.3,25,277608,469124,"Georgia","GA","GA-7",2020,FALSE,60.2899578852943
778270,49.1,76.3,17,38,65,31.4,2,2,0.2,7.5,336379,573557,"Georgia","GA","GA-8",2020,FALSE,73.6964035617459
810092,49.4,77.6,18.1,40.9,76.8,12.5,2.9,7.1,0.3,16.2,338230,576866,"Georgia","GA","GA-9",2020,FALSE,71.2099366491707
833978,49,77.2,15.4,36.9,68.6,26.5,2.3,2.9,0.2,8.9,328820,614348,"Georgia","GA","GA-10",2020,FALSE,73.6647729316601
791779,48.8,78.2,14.8,37.5,73.3,17.6,2.6,5.2,0.2,13.3,330611,570732,"Georgia","GA","GA-11",2020,FALSE,72.0822350681188
779898,49,77.1,16.4,37,57.4,38.6,2,2.5,0.5,6.1,335911,585783,"Georgia","GA","GA-12",2020,FALSE,75.1102067193402
773905,47.1,75.3,12.7,36.4,22,69.1,1.7,3.8,0.2,12,304319,541294,"Georgia","GA","GA-13",2020,FALSE,69.943210083925
796193,49.8,76.7,15.9,38.8,76.3,15.7,3.3,1.5,0.1,14.2,311556,573890,"Georgia","GA","GA-14",2020,FALSE,72.0792571650341
723269,49.8,80.3,20.3,41,34.4,4.1,2.4,67.3,21.9,8.9,283863,529852,"Hawaii","HI","HI-1",2020,FALSE,73.2579441397322
711869,50.4,78.7,22,41.7,54.2,3.3,3.5,46.4,32.4,11.4,288179,523402,"Hawaii","HI","HI-2",2020,FALSE,73.5250446360215
1008961,50.5,76.3,18.9,39.4,92.2,1.3,3.3,2.7,0.4,12.8,418854,749167,"Idaho","ID","ID-1",2020,FALSE,74.2513337978376
955765,50.1,76.2,15.9,35.9,90,1.5,2.9,2.8,0.6,14.9,396450,695957,"Idaho","ID","ID-2",2020,FALSE,72.8167488870172
751575,47,76.7,17.8,39.3,43.8,51,1.7,2.6,0.1,11.1,325013,549735,"Illinois","IL","IL-1",2020,FALSE,73.1443967667897
720502,48,76,19,39.8,43.8,48,2.2,1.8,0.2,16.3,327910,517486,"Illinois","IL","IL-2",2020,FALSE,71.8229789785455
720148,49.7,78.8,14.5,37.6,63.7,7.3,2.9,8.3,0.1,46.3,291406,470993,"Illinois","IL","IL-3",2020,FALSE,65.4022506484778
704764,51.4,77.7,14.3,37.9,53.7,6.8,4.6,5.1,0.1,64.2,265472,437543,"Illinois","IL","IL-4",2020,FALSE,62.0836194811313
754102,48.2,80.8,15.2,37.5,80.3,5.1,1.4,12.5,0.2,12.4,367559,562758,"Illinois","IL","IL-5",2020,FALSE,74.6262441950824
725829,49.7,79.2,20.8,42.3,82.7,6.5,1.3,6.9,0,16.4,312258,539359,"Illinois","IL","IL-6",2020,FALSE,74.3093758998332
732352,48.6,82.6,13.9,36,41.6,41.2,1.1,10.7,0.1,17.9,368801,537620,"Illinois","IL","IL-7",2020,FALSE,73.4100541815957
730604,50,78.2,17.3,40.8,68.8,6,3,15,0.1,26.8,289978,484406,"Illinois","IL","IL-8",2020,FALSE,66.3021281022277
742949,48.5,80.6,19.3,41,68.6,10.6,1.7,17.1,0.1,14.1,326322,529540,"Illinois","IL","IL-9",2020,FALSE,71.2754172897467
746076,50.4,76.7,16.9,39.3,71.8,8.5,2.2,10.2,0.2,25.6,287613,499470,"Illinois","IL","IL-10",2020,FALSE,66.9462628472166
761048,49.8,76.8,15.9,39.8,77.6,6.4,1.7,10.1,0,19.9,292006,534153,"Illinois","IL","IL-11",2020,FALSE,70.18650597597
749426,50.6,78.6,20.2,41.8,92.4,6.7,1.9,1.4,0.1,3.1,348814,582613,"Illinois","IL","IL-12",2020,FALSE,77.7412312890132
725183,48.4,80.4,18.6,38.7,74.1,22.3,2.1,5,0.4,4.6,357272,558360,"Illinois","IL","IL-13",2020,FALSE,76.9957376276057
755370,50.4,76.8,14.8,38.2,75,11.5,3.1,6.9,0.1,23.9,286608,533193,"Illinois","IL","IL-14",2020,FALSE,70.5869971007586
745893,50.1,78.3,20.9,42.1,95,3.5,1.6,1.4,0.1,3,341093,577060,"Illinois","IL","IL-15",2020,FALSE,77.3649839856387
755171,49.9,77.3,20,42.1,92.3,3.5,1.4,3.2,0.1,7.8,328975,569183,"Illinois","IL","IL-16",2020,FALSE,75.3714059464677
728697,48.9,78.8,19.5,39.1,80.1,16.2,2.9,2.8,0.3,11.7,353627,553178,"Illinois","IL","IL-17",2020,FALSE,75.9133082749071
757933,49.2,77.6,18.7,40.3,73.2,19.7,1.6,2.1,0.1,17.8,328945,569733,"Indiana","IN","IN-1",2020,FALSE,75.1693091605722
750086,50.1,76,17.6,38.3,85.2,8.5,1.4,2.2,0.1,12.2,321896,541536,"Indiana","IN","IN-2",2020,FALSE,72.1965214655386
764836,49.7,75.1,17.5,37.9,88.3,7.8,1.8,3.7,0,7,333770,556601,"Indiana","IN","IN-3",2020,FALSE,72.7739018560842
778072,50.6,77.2,16.2,37,89.4,6.4,1.7,4.2,0,7.5,323449,571480,"Indiana","IN","IN-4",2020,FALSE,73.4482155893028
781999,49.5,77.2,16.8,38.5,89.4,7.1,2.1,4.7,0.3,5.2,337940,581882,"Indiana","IN","IN-5",2020,FALSE,74.4095580684886
764477,49.6,75.2,16.3,38,85.6,7.9,1.6,6,0.2,6,319545,548497,"Indiana","IN","IN-6",2020,FALSE,71.7480054991844
747195,48.9,76.7,13.8,34.8,56.4,35.6,2.1,3.1,0.1,15.3,354279,515077,"Indiana","IN","IN-7",2020,FALSE,68.9347492956992
756642,50.2,78.4,19.5,40.3,93.4,4.9,2.3,1.3,0.2,3.4,342959,583993,"Indiana","IN","IN-8",2020,FALSE,77.1822077019251
760959,49.8,79.3,18.5,40.1,93.5,3.8,1.8,2.7,0.2,4.3,339797,589380,"Indiana","IN","IN-9",2020,FALSE,77.4522674677611
798244,49.9,78.3,18.7,39.3,91.1,5.9,1.9,3,0.4,5.9,358602,610180,"Iowa","IA","IA-1",2020,FALSE,76.440286428711
791219,49.5,78,20.2,40.6,92.3,5.9,1.5,2.2,0.3,4.1,364947,603359,"Iowa","IA","IA-2",2020,FALSE,76.2568896854095
821239,49.8,75.9,15.9,37.9,86.6,6.9,2,4.6,0.2,8.8,366368,586480,"Iowa","IA","IA-3",2020,FALSE,71.4140463373025
796302,50.6,77.4,19.4,38.9,91.9,3.1,2.2,2.6,0.3,10.4,358819,587382,"Iowa","IA","IA-4",2020,FALSE,73.7637228086831
726249,51,78.1,17.8,36.5,89.2,4.3,3.1,2.9,0.3,16.3,331241,538009,"Kansas","KS","KS-1",2020,FALSE,74.0805150850466
725930,50.6,76.4,19,38.6,84.8,10,4.1,2.9,0.6,13.2,327442,530113,"Kansas","KS","KS-2",2020,FALSE,73.025360571956
749221,49.3,76.4,16.3,38.8,86.8,7.1,2,5.6,0.2,10.8,315132,545094,"Kansas","KS","KS-3",2020,FALSE,72.7547679523131
739147,50,75.6,17.4,37.6,84.9,9.4,3.4,4,0.3,14.3,326116,533498,"Kansas","KS","KS-4",2020,FALSE,72.1775235507957
750693,49.5,77.9,19.3,40.2,90.9,8.4,2.3,1.2,0.2,3.8,348491,576933,"Kentucky","KY","KY-1",2020,FALSE,76.8533874699777
775707,49.8,77.2,17.3,39.2,90,7.9,2.5,2.3,0.1,4.8,337181,584657,"Kentucky","KY","KY-2",2020,FALSE,75.3708552327103
733409,48.5,77.9,17.8,38.1,72.5,24,3,4.2,0.2,8.4,346645,535487,"Kentucky","KY","KY-3",2020,FALSE,73.0134208879357
768776,49.8,76.6,16.8,39.1,93.8,4.6,1.7,1.6,0.2,4.5,319169,575484,"Kentucky","KY","KY-4",2020,FALSE,74.8571755621924
738681,50.2,78,19.1,41.6,97.4,2.5,1.5,0.6,0.1,1.3,347299,573040,"Kentucky","KY","KY-5",2020,FALSE,77.576112015877
758888,49.6,78.3,16.4,37.4,87.3,10.2,1.5,2.8,0.2,6.3,337774,569010,"Kentucky","KY","KY-6",2020,FALSE,74.9794436069618
770713,49.6,77.3,18.8,40.4,79.4,15.2,3.7,3.4,0.1,13.1,340827,565706,"Louisiana","LA","LA-1",2020,FALSE,73.4003448754595
742904,47.5,78.3,17.4,39,32.7,61.6,2,3.1,0.1,8.7,370544,558263,"Louisiana","LA","LA-2",2020,FALSE,75.146048480019
762638,48.8,75.4,16.7,38,73.1,25.8,1.5,2,0.3,5.6,354941,563651,"Louisiana","LA","LA-3",2020,FALSE,73.9080664745266
757390,49.4,76.3,18,39.4,61.7,36.2,2,1.6,0.2,4.7,366236,569073,"Louisiana","LA","LA-4",2020,FALSE,75.1360593617555
754781,49.3,77.1,17.9,38.9,64,34.1,2.9,1.3,0.1,3.8,352979,571074,"Louisiana","LA","LA-5",2020,FALSE,75.6608870652547
785323,48.7,76.1,15.4,36.7,70.7,24.4,2.6,3.5,0.1,7,339403,570921,"Louisiana","LA","LA-6",2020,FALSE,72.6988767679031
700340,48.9,82.7,22.8,44.5,95.8,3,1.3,2.5,0.1,2.4,365932,565930,"Maine","ME","ME-1",2020,FALSE,80.8078933089642
695382,49.3,82.1,23.1,45.2,96.1,2.3,2.2,1.4,0.1,2,391492,561057,"Maine","ME","ME-2",2020,FALSE,80.6832791185277
782957,49.1,79,20,42,79.6,17.1,1.7,3.5,0.1,6.2,365991,597988,"Maryland","MD","MD-1",2020,FALSE,76.3755863987422
767891,47.3,78.7,19.2,40.4,66.6,25.7,1.7,7.2,0.3,6.9,315895,571872,"Maryland","MD","MD-2",2020,FALSE,74.4730697455759
778152,48.8,77.4,16.6,40.1,65.2,19.7,1.6,13.4,0.2,10.4,306102,558693,"Maryland","MD","MD-3",2020,FALSE,71.7974123307529
723299,49,78.5,15.5,38.1,18.8,57.5,2.9,5.8,0,27.7,289062,459587,"Maryland","MD","MD-4",2020,FALSE,63.5403892442821
812172,48.7,76.8,15.2,40,48.4,46.7,2.4,4.4,0.2,7.9,306057,600482,"Maryland","MD","MD-5",2020,FALSE,73.9353240446605
799719,49.6,77.9,17.1,40,68.9,14.9,2.5,10.4,0.1,15,320917,561794,"Maryland","MD","MD-6",2020,FALSE,70.2489249348834
744512,46.9,78.6,16,36.7,34.7,58.1,1.7,3.8,0,8.6,367690,553202,"Maryland","MD","MD-7",2020,FALSE,74.303973609559
771551,48.9,77.4,18.4,40.9,56.5,20.6,1.9,16.7,0.1,19.5,300668,507860,"Maryland","MD","MD-8",2020,FALSE,65.8232573089789
767012,48.9,81.2,21,42.1,84.2,9.7,1.4,2.7,0.1,19.4,347651,603015,"Massachusetts","MA","MA-1",2020,FALSE,78.618717829708
798884,48.6,80.4,17.4,39.9,81.9,7.5,1,8.5,0.1,12,328107,585890,"Massachusetts","MA","MA-2",2020,FALSE,73.3385572874159
767022,49.3,79,16.8,40.4,70.9,7.5,0.9,9.8,0.3,22.3,302216,542017,"Massachusetts","MA","MA-3",2020,FALSE,70.6651178193064
783039,48.8,78.7,17.8,40.8,83.3,6,1.2,8.9,0,7.5,321134,569722,"Massachusetts","MA","MA-4",2020,FALSE,72.7578064438681
776923,48.7,80.1,17.1,39.5,74.9,8.1,1,15,0.1,11.8,324031,532615,"Massachusetts","MA","MA-5",2020,FALSE,68.5544127281597
785015,49,79.8,20.6,42.8,85.3,6.1,0.8,5.7,0.1,12.3,320485,588935,"Massachusetts","MA","MA-6",2020,FALSE,75.0221333350318
744098,48.7,84.2,12.6,32.9,53.5,28.6,1.4,13.2,0.3,22.6,336422,509742,"Massachusetts","MA","MA-7",2020,FALSE,68.5046862106873
791775,48.9,82.7,17.7,39,71.2,14.2,0.9,12,0.1,7.8,349923,594179,"Massachusetts","MA","MA-8",2020,FALSE,75.0439203056424
787631,49,81.5,24.9,47.1,89.3,6.3,1.2,2,0.1,6.5,415898,610635,"Massachusetts","MA","MA-9",2020,FALSE,77.5280556504251
786329,50.8,82.5,26.3,47.4,95.3,1.6,5,0.9,0,2.3,499762,644008,"Michigan","MI","MI-1",2020,FALSE,81.9005785110304
791423,51,78.7,20,41.3,95.3,3.4,2.3,1.1,0.2,4.8,380439,615278,"Michigan","MI","MI-2",2020,FALSE,77.7432548712888
771917,49.7,77.8,16.3,36.3,82,14.1,1.9,3.8,0.1,10.9,320661,566783,"Michigan","MI","MI-3",2020,FALSE,73.4253812262199
777277,49.2,77.7,17.6,37.9,84.8,9.9,1.9,3.2,0.1,9.4,343858,581364,"Michigan","MI","MI-4",2020,FALSE,74.7949572674864
775722,50.5,78.6,20.9,42.5,93.2,6.1,1.8,1.5,0.1,5.6,348994,597794,"Michigan","MI","MI-5",2020,FALSE,77.0629168697033
764009,49.4,80.3,17.8,39.6,77.7,11.6,1.5,12.4,0.1,5.3,326628,570365,"Michigan","MI","MI-6",2020,FALSE,74.6542252774509
781761,49.3,79.8,18.4,39,88.5,7.7,1.4,4.6,0.1,6,336681,605564,"Michigan","MI","MI-7",2020,FALSE,77.4615259650967
766628,48.6,78.7,20.5,41.8,82,17.2,1.4,1.7,0.1,5.7,352328,597713,"Michigan","MI","MI-8",2020,FALSE,77.9664974407405
769261,50.2,79.3,19.8,44.1,94,3.9,1.1,2.3,0,3.8,331391,600474,"Michigan","MI","MI-9",2020,FALSE,78.0585522988947
769945,48.8,79.9,18.8,40.7,77.8,16.2,1.3,8,0.2,3.8,337375,587143,"Michigan","MI","MI-10",2020,FALSE,76.2577846469553
769154,49.8,80.6,19.1,41.1,75.4,15.4,1.1,10,0.4,5.7,354911,574842,"Michigan","MI","MI-11",2020,FALSE,74.7369187444907
740559,47.8,77.8,18.9,39.5,52.9,45.8,1.3,2.8,0.1,3.1,338146,555219,"Michigan","MI","MI-12",2020,FALSE,74.9729596156417
773276,48,74.9,15.5,35.4,45.4,48,2.6,3.5,0.2,10.9,371783,549675,"Michigan","MI","MI-13",2020,FALSE,71.0839338088858
713000,50,77.9,19.8,39.6,88.8,5.3,1.4,3.9,0,7.5,313485,536155,"Minnesota","MN","MN-1",2020,FALSE,75.1970546984572
733289,49.7,75.9,15.6,38.4,82.1,9.9,1.4,6.8,0.3,8.3,288941,529810,"Minnesota","MN","MN-2",2020,FALSE,72.2511860944321
699786,48.5,76.8,18.9,41.2,77.2,12.8,1.7,10.6,0.1,5.4,299143,502424,"Minnesota","MN","MN-3",2020,FALSE,71.7968064522583
699739,48.9,77.1,16.8,37.4,70.8,12.9,1.8,15.2,0.2,7.6,302920,511134,"Minnesota","MN","MN-4",2020,FALSE,73.0463787212089
702050,51,80.5,13.9,35.1,71.8,20.2,3.1,6.9,0.2,10.4,341538,525970,"Minnesota","MN","MN-5",2020,FALSE,74.9191653016167
747036,50.5,74.7,14.5,37.8,88.3,7.7,1.3,4.3,0.2,4.5,286405,542099,"Minnesota","MN","MN-6",2020,FALSE,72.5666500677343
715239,50.6,77.1,21.6,41.6,94.1,2.1,2.3,1.8,0.3,5.6,352307,537965,"Minnesota","MN","MN-7",2020,FALSE,75.2147184367743
727776,50.8,79.7,22.1,43.2,92.6,2.4,5.9,1.8,0.1,2.2,390193,573364,"Minnesota","MN","MN-8",2020,FALSE,78.7830321417579
745641,49,76.9,16.9,38.3,68.5,28.6,2.8,1.6,0,3.9,339315,563528,"Mississippi","MS","MS-1",2020,FALSE,75.5763162165171
701580,48.7,77,18.3,40.4,35.2,64.2,1.5,0.8,0,2.4,342003,532184,"Mississippi","MS","MS-2",2020,FALSE,75.8550699848912
740675,47.9,76.9,17.8,38.7,61.9,35.3,2.3,1.7,0.5,3,333516,558255,"Mississippi","MS","MS-3",2020,FALSE,75.371114186384
751794,48.4,77.4,17.3,40,74.3,23.7,2.1,2.2,0.1,5.5,335718,568142,"Mississippi","MS","MS-4",2020,FALSE,75.5714996395289
741792,47.7,79.3,17.3,37.2,48.9,47.6,1.4,4.8,0.3,4.8,395330,559664,"Missouri","MO","MO-1",2020,FALSE,75.4475648160131
764420,48.8,78.1,20.1,42.6,90.3,5.1,1.3,5.8,0,3.3,323527,576995,"Missouri","MO","MO-2",2020,FALSE,75.4814107427854
781181,49.6,79.3,18.6,39.6,91.5,6.6,1.7,3,0.1,3.6,346498,605100,"Missouri","MO","MO-3",2020,FALSE,77.4596412355139
788949,50.4,76.9,18.6,39.1,92.6,6.3,2.4,1.7,0.3,5.1,361855,595775,"Missouri","MO","MO-4",2020,FALSE,75.5150206160347
760843,48.7,77.7,16.2,37.1,70.7,24.9,2.1,3,0.5,12.2,363765,565697,"Missouri","MO","MO-5",2020,FALSE,74.3513444955135
785446,50,77.1,18.7,39.9,92.9,5.5,1.6,2,0.3,4,344384,599363,"Missouri","MO","MO-6",2020,FALSE,76.3086195613702
790923,49.2,77.6,18.4,38.8,93.1,3.5,3.1,2.2,0.7,6.7,359227,599722,"Missouri","MO","MO-7",2020,FALSE,75.8255860557855
782602,50.1,77,18.9,40.4,94.4,5.1,2.3,1.3,0.3,2.5,349854,596549,"Missouri","MO","MO-8",2020,FALSE,76.2263577143938
576553,50.9,80.6,20.2,40.3,93,1,6.7,2.2,0.2,4.4,275680,459679,"Montana","MT","MT-1",2020,FALSE,79.7288367244642
556259,50.1,77.8,20.7,41.1,90,1.5,10,1.6,0.3,4.9,259801,428511,"Montana","MT","MT-2",2020,FALSE,77.0344389933466
659725,50.2,76.8,16.6,36.3,88.8,5.5,2.3,3.9,0.2,11.8,284996,483458,"Nebraska","NE","NE-1",2020,FALSE,73.2817461821213
664285,49.9,74.4,14.4,36.2,79.5,12.8,2.4,5.4,0.2,13.5,283292,459776,"Nebraska","NE","NE-2",2020,FALSE,69.213665821146
654369,50.4,76.2,20.7,40.1,90,2.5,3.2,1,0.1,13.4,305237,477762,"Nebraska","NE","NE-3",2020,FALSE,73.0110992421707
788277,50.3,78,16.7,39.3,56.6,13.4,2.6,11.5,1.2,37.1,337445,522933,"Nevada","NV","NV-1",2020,FALSE,66.3387362564175
793631,51,79.5,19.5,40.6,83,3.5,4.4,6.5,1.1,24.5,354568,586715,"Nevada","NV","NV-2",2020,FALSE,73.927933762668
796395,49.8,80.3,17.2,40.2,60.3,12.9,2.6,22.6,3.2,22.2,344039,576186,"Nevada","NV","NV-3",2020,FALSE,72.3492739155821
815873,50.2,76.6,16.1,37.8,59.1,19.9,3.4,8.3,1.6,35.8,312196,557520,"Nevada","NV","NV-4",2020,FALSE,68.334164753583
697780,49,82.8,20.9,43.8,94.5,2.7,1.3,3.7,0.4,4.7,330089,564009,"New Hampshire","NH","NH-1",2020,FALSE,80.8290578692425
704274,50.8,81.4,20.4,43,93.9,2.7,1.1,3.7,0.2,4.6,322981,553104,"New Hampshire","NH","NH-2",2020,FALSE,78.5353427785209
777528,48.6,78.6,17.4,39.5,69,19.5,2.6,6.8,0.2,16.2,315250,575241,"New Jersey","NJ","NJ-1",2020,FALSE,73.9833163564528
786799,49,79.2,21.5,43.9,74.6,13.8,2,4.4,0.2,18.2,415719,587659,"New Jersey","NJ","NJ-2",2020,FALSE,74.6898509021999
782374,49.5,78.5,19,42.6,73,16,1.4,9.3,0.1,12.2,304496,576742,"New Jersey","NJ","NJ-3",2020,FALSE,73.7169179957412
795843,48.6,74.8,21.2,40.5,89.9,3.9,1.8,3.9,0,11.4,335205,566495,"New Jersey","NJ","NJ-4",2020,FALSE,71.1817531849875
767729,49,79.6,19.8,43.8,70.4,6.7,1.1,17.3,0.1,18,303542,549246,"New Jersey","NJ","NJ-5",2020,FALSE,71.5416507647881
766057,49.7,80.1,16.5,39.5,53.6,13.5,3.5,20.2,0.1,24.1,299530,505866,"New Jersey","NJ","NJ-6",2020,FALSE,66.0350339465601
778678,49.8,79.3,19.1,43.7,79.1,6.5,1.1,10.4,0,15,307563,577908,"New Jersey","NJ","NJ-7",2020,FALSE,74.2165567795674
749983,50.5,79.1,11.8,35.8,51.4,12.4,3.3,12.1,0.3,51.2,334539,421532,"New Jersey","NJ","NJ-8",2020,FALSE,56.2055406589216
770658,49,77.2,15.9,38.8,59.3,12.1,1.7,10.7,0.2,43.5,286115,493654,"New Jersey","NJ","NJ-9",2020,FALSE,64.0561701818446
768591,48.4,77.6,15.3,36.8,27.7,53.6,1.5,7.2,0.3,22,309895,496321,"New Jersey","NJ","NJ-10",2020,FALSE,64.5754373912783
775849,49.3,78.8,18.1,41.9,75.2,7.6,0.5,14.7,0.1,17,298634,555314,"New Jersey","NJ","NJ-11",2020,FALSE,71.5750100857254
770752,49.3,77.9,16.7,39.9,47.1,17.9,2,20.8,0.1,24.5,293164,491717,"New Jersey","NJ","NJ-12",2020,FALSE,63.7970449638794
705390,49.3,81.2,21.3,41.4,79,5,7.4,4,0.5,41.1,337322,545281,"New Mexico","NM","NM-1",2020,FALSE,77.3020598534144
710078,50.4,77.5,17.8,38,73.8,3,7.7,2.1,0.3,60.9,304046,498542,"New Mexico","NM","NM-2",2020,FALSE,70.2094699455553
698903,49.1,77.7,20.8,40.1,66,2.3,20.9,2.2,0.3,43.7,324005,508871,"New Mexico","NM","NM-3",2020,FALSE,72.8099607527797
775252,49.5,81,20.7,44.8,82.4,6.3,1.5,7.1,0.1,16.5,329339,590856,"New York","NY","NY-1",2020,FALSE,76.2147018001888
777290,49.6,77.9,16.2,39.6,68.4,13.4,1.6,4.1,0.1,29.2,262129,546487,"New York","NY","NY-2",2020,FALSE,70.3067066345894
760691,49.2,80.3,22,45.3,65,4.4,1.3,25.6,0,15.9,284112,555140,"New York","NY","NY-3",2020,FALSE,72.9783841270634
767277,49.3,78,18,41,60.6,20.5,1,9.7,0,20.9,260800,543394,"New York","NY","NY-4",2020,FALSE,70.8210985081007
737913,47.4,79,18.4,41.1,20,46.7,1.8,18.2,0.3,20.4,269518,490302,"New York","NY","NY-5",2020,FALSE,66.4444182444272
706077,48.7,81.9,20.9,44.6,38.1,6.3,1.7,44,0.1,26.5,303407,423216,"New York","NY","NY-6",2020,FALSE,59.9390718009509
720452,48.8,82.5,12,34.6,55.2,15.3,2,15.4,0.2,32.9,332263,480287,"New York","NY","NY-7",2020,FALSE,66.6646771748847
740016,45.8,77.2,18.6,38.5,36.7,47.2,1,9.4,0.1,17.2,321527,492837,"New York","NY","NY-8",2020,FALSE,66.5981546344944
725054,47.1,77.3,17.3,37.4,37.5,47.8,1,9.7,0.1,12.4,310513,474111,"New York","NY","NY-9",2020,FALSE,65.3897502806687
719080,49.2,81.8,15.1,36.8,61.9,8.5,1.6,22,0,19.7,359791,496114,"New York","NY","NY-10",2020,FALSE,68.9928797908439
753280,49.3,78.6,18.2,41.3,62.3,9.4,1.8,22.7,0,18.8,289862,510287,"New York","NY","NY-11",2020,FALSE,67.7420082837723
734996,47.9,87.3,21,40,75.8,8,0.9,15.8,0.1,12.5,479267,555155,"New York","NY","NY-12",2020,FALSE,75.531703573897
726044,46.9,82.5,15.9,38.6,31.1,35.7,2.8,6.3,0.1,51.2,338894,478759,"New York","NY","NY-13",2020,FALSE,65.9407694299519
740563,49.2,78.7,16.1,37.8,32.8,23.9,2.7,12.6,0.6,51.6,302925,446919,"New York","NY","NY-14",2020,FALSE,60.3485456335248
714768,47.5,75.3,14.7,35.7,20.1,44.5,3.5,3.3,0.3,53.3,300189,431778,"New York","NY","NY-15",2020,FALSE,60.408132428984
765060,48,78.8,17.9,41.2,53,24.4,2,8.3,0.1,29.3,306388,519181,"New York","NY","NY-16",2020,FALSE,67.861474917
772624,50.1,75.5,18.4,40.6,74.4,9.6,1.7,6,0.1,21.3,279083,530850,"New York","NY","NY-17",2020,FALSE,68.7074178384311
784352,49.4,78.2,17.4,39.5,74.7,13.9,3.6,4,0.1,20.5,310674,569854,"New York","NY","NY-18",2020,FALSE,72.6528395414304
769461,49.9,82.6,21.9,42,89,6,1.5,4.6,0.1,6.7,405830,611348,"New York","NY","NY-19",2020,FALSE,79.4514601779687
783546,48.9,81.1,19,40.2,81.2,11.9,1.8,6.4,0.2,6.9,366875,606870,"New York","NY","NY-20",2020,FALSE,77.4517386343622
767195,50.9,81,21.2,43.1,94.4,2.7,2,1.7,0,4.3,405635,611799,"New York","NY","NY-21",2020,FALSE,79.7449149173287
762999,49.1,79.3,19.7,40.3,84.1,11.3,1.4,4.9,0.2,6.1,349082,584726,"New York","NY","NY-22",2020,FALSE,76.6352249478702
764335,49.6,79.5,21.9,44.1,94.2,3.8,1.2,1.5,0.2,4.3,375054,601182,"New York","NY","NY-23",2020,FALSE,78.6542550059856
767751,50.3,80.2,21,42.8,93.9,4.3,1.6,1.3,0.2,4.7,369906,606623,"New York","NY","NY-24",2020,FALSE,79.0129872836375
766396,48.5,79.9,19.4,39.9,77.1,17.2,1.2,4.8,0.1,9.9,349279,594847,"New York","NY","NY-25",2020,FALSE,77.6161410028236
768744,48.4,80.2,19.1,39,74.2,19.1,1.6,7,0,7,368890,592478,"New York","NY","NY-26",2020,FALSE,77.0709104721468
754008,48.3,78.9,20,40.5,52.9,42.3,2,1.5,0.2,8.1,363862,577580,"North Carolina","NC","NC-1",2020,FALSE,76.6013092699282
784882,49.2,77.6,12.5,36.8,64.8,20.7,1.6,12.2,0.2,12,346796,544388,"North Carolina","NC","NC-2",2020,FALSE,69.3592157802065
768524,51,78.3,19.2,38.5,75.4,19.6,2.8,2.3,0.2,12,395477,579912,"North Carolina","NC","NC-3",2020,FALSE,75.4578907099843
769250,48.6,80.5,16.4,37.9,61.2,27.2,2,5.7,0.3,13.7,343026,568480,"North Carolina","NC","NC-4",2020,FALSE,73.9005524861878
750316,48.5,80.7,20.5,42.2,80.6,13.8,1.4,2.3,0.4,10.1,373606,580453,"North Carolina","NC","NC-5",2020,FALSE,77.3611385069757
765747,48.4,78,17.4,38.6,58.4,34.3,2.1,5.2,0.1,10.8,336127,563853,"North Carolina","NC","NC-6",2020,FALSE,73.6343727105689
794214,48.4,80,21.5,42.3,69.6,19.7,8.5,2,0.3,8.5,401006,613038,"North Carolina","NC","NC-7",2020,FALSE,77.1880122989522
776092,49.8,77.3,17.3,41,77.3,15.1,1.8,3.4,0.3,11.4,322306,571422,"North Carolina","NC","NC-8",2020,FALSE,73.6281265623148
771994,50.3,76.7,17.3,37.4,66.5,26.8,3.3,2.9,0.3,13.6,333180,564145,"North Carolina","NC","NC-9",2020,FALSE,73.0763451529416
774062,49.6,79.1,19.3,42.9,83.3,11.2,1.5,3,0.1,8.8,343844,594447,"North Carolina","NC","NC-10",2020,FALSE,76.7957863840364
763974,48.6,82.6,25.1,45.7,91.7,4.6,3,1.3,0.2,7.9,414647,608544,"North Carolina","NC","NC-11",2020,FALSE,79.6550667954669
772165,48.3,77.2,13.1,36.8,46.7,38.2,1.8,6.7,0.1,16.3,324007,533309,"North Carolina","NC","NC-12",2020,FALSE,69.0667150155731
799277,48.9,76.2,15.1,39,68.9,22.2,1.5,4,0.2,13.1,325131,566144,"North Carolina","NC","NC-13",2020,FALSE,70.8320144330439
790986,48.6,77.1,13.1,35.8,66.5,23.6,1.3,7.5,0.3,13.4,356162,552187,"North Carolina","NC","NC-14",2020,FALSE,69.8099587097622
783926,51.1,77.1,17.1,36.3,89,4.3,6.5,2.4,0.3,4.9,378124,589860,"North Dakota","ND","ND-1",2020,FALSE,75.2443470429607
796831,49.3,77.3,15.7,37.2,75.5,19.6,1.7,5.9,0.4,5,358474,584986,"Ohio","OH","OH-1",2020,FALSE,73.4140614509225
787945,49.9,78.2,19.3,41.9,96.7,2.9,2.1,1,0.1,1.5,344582,610668,"Ohio","OH","OH-2",2020,FALSE,77.5013484443711
784597,49.5,78,13.5,34.7,61.8,31.4,1.6,7.1,0,7.3,365556,559966,"Ohio","OH","OH-3",2020,FALSE,71.3698879807086
803311,50.8,77.2,18.3,40.5,91.3,6,2,3.8,0.1,2.8,340128,604603,"Ohio","OH","OH-4",2020,FALSE,75.2638766305951
790574,49.8,78.3,19.8,40.7,92.5,5.6,1.4,1.4,0.3,7.6,346563,606629,"Ohio","OH","OH-5",2020,FALSE,76.7327283720436
773456,50.1,80.1,22.4,44.3,91.9,7.3,1.8,1,0.1,3.6,367607,613315,"Ohio","OH","OH-6",2020,FALSE,79.2953962474918
769701,49.2,78.9,21.1,43.3,92.2,5,0.8,4.1,0.3,4.3,331883,592269,"Ohio","OH","OH-7",2020,FALSE,76.9479317293339
786259,49,76.5,18.4,38.9,81.7,15.9,1.6,3.6,0.1,4.9,326732,582265,"Ohio","OH","OH-8",2020,FALSE,74.0551141544962
776106,49.2,78.3,20.2,41,83.9,14.8,1.4,2.2,0.1,8,373872,597324,"Ohio","OH","OH-9",2020,FALSE,76.9642291130335
784462,48.6,78,19.1,38.8,79.5,19.4,1.9,3.2,0.2,4,364512,596494,"Ohio","OH","OH-10",2020,FALSE,76.0386099007982
772345,47.4,79.5,19,38.4,48.8,47,1.5,3.6,0.1,8.2,410034,591386,"Ohio","OH","OH-11",2020,FALSE,76.5701856035839
804132,49.6,77.2,18.1,39.3,93,5.7,2.1,2.9,0.1,2.2,330061,613891,"Ohio","OH","OH-12",2020,FALSE,76.3420682176558
781848,48.7,79,20.4,41.2,82.9,14.9,1.9,4.2,0.3,2.9,360451,603514,"Ohio","OH","OH-13",2020,FALSE,77.1907071451228
784185,49.7,80.2,21.5,43,92.1,7.2,1,1.6,0.1,3.6,355990,619413,"Ohio","OH","OH-14",2020,FALSE,78.9881214254289
790183,49.1,76.3,15.3,37.2,80,15.8,1.6,4.8,0.1,6.3,340689,571655,"Ohio","OH","OH-15",2020,FALSE,72.3446340910903
812132,49.1,75.4,15.8,36.8,76.5,11.7,12.9,4.6,0.3,14.8,351827,571360,"Oklahoma","OK","OK-1",2020,FALSE,70.3530953096295
811280,49.9,76.7,19.3,39.7,77,5.1,26.5,1.4,0.2,6.3,374502,613287,"Oklahoma","OK","OK-2",2020,FALSE,75.5949857016073
803437,50.7,74.6,15.6,34.6,80.4,7.2,10.8,2,1.1,21.6,351743,560008,"Oklahoma","OK","OK-3",2020,FALSE,69.7015447384176
808026,49.8,77.6,16.5,37,81.9,10.5,11.9,3.8,0.5,10.9,352857,607970,"Oklahoma","OK","OK-4",2020,FALSE,75.2413907473274
818949,49,76.6,16.3,37.3,78.3,13.9,9.3,4.9,0.2,11,357957,601153,"Oklahoma","OK","OK-5",2020,FALSE,73.4054257346917
710371,50.5,81.6,16.5,38.9,79.1,4.7,3.3,13.9,1.2,15.9,331337,532964,"Oregon","OR","OR-1",2020,FALSE,75.0261483084191
704844,50,78.9,23.3,42.1,90.8,1.2,5.1,2,0.4,16.3,318308,533965,"Oregon","OR","OR-2",2020,FALSE,75.7564794479346
681430,49.5,80.8,15.1,40.1,80.7,7.3,3.4,9.6,1.2,15.6,301867,510720,"Oregon","OR","OR-3",2020,FALSE,74.9482705486991
710184,49,83.1,23.7,42.5,91,2.4,4.7,4.7,0.4,9.5,333683,573844,"Oregon","OR","OR-4",2020,FALSE,80.8021583139018
709945,49.6,79.7,20.8,42.4,90.9,2.7,3.3,5.1,0.5,10.2,306295,543994,"Oregon","OR","OR-5",2020,FALSE,76.6248089640747
716584,49.7,78.3,17.8,38.9,85.2,2.5,3.2,5.7,1.1,22,288020,517235,"Oregon","OR","OR-6",2020,FALSE,72.180651535619
763720,49.6,80.2,21.1,44,86.6,5.3,1,7.3,0.1,6.5,303932,585010,"Pennsylvania","PA","PA-1",2020,FALSE,76.6000628502592
713964,48.3,76.6,15.7,36.4,46.5,30.1,1.9,10.4,0.1,25.5,319566,488126,"Pennsylvania","PA","PA-2",2020,FALSE,68.3684331422873
768800,46.5,81.5,14.7,34.7,39.2,54.1,1.7,7.7,0.1,7.3,406731,593739,"Pennsylvania","PA","PA-3",2020,FALSE,77.2293184183143
781948,49,78.7,20.1,41.7,81.3,10.9,0.9,7.5,0.1,6.7,313662,589949,"Pennsylvania","PA","PA-4",2020,FALSE,75.4460654672689
757986,48.3,78.4,17.5,39.3,64.4,25.7,0.9,8.4,0.1,7.3,311831,556869,"Pennsylvania","PA","PA-5",2020,FALSE,73.466924191212
777885,49.4,77.7,17.7,39.6,82.1,10.9,1.5,6.3,0,17,306118,560412,"Pennsylvania","PA","PA-6",2020,FALSE,72.0430397809445
778593,49.5,79.4,19.7,41.3,79.3,8.4,2.4,4,0,21.3,323455,584025,"Pennsylvania","PA","PA-7",2020,FALSE,75.010307053878
764570,50.2,80.6,21.3,43.4,82,10.2,1.5,2.7,0.3,15.6,378817,588577,"Pennsylvania","PA","PA-8",2020,FALSE,76.981440548282
765968,50.2,80.1,21.7,43.2,93.3,3.8,1.1,1.3,0.1,7.2,357227,603276,"Pennsylvania","PA","PA-9",2020,FALSE,78.7599481962693
781862,49.4,78.4,18.6,40.2,78.4,14.7,1.4,6,0.1,10.9,331743,586846,"Pennsylvania","PA","PA-10",2020,FALSE,75.0574909638785
773134,49.3,77.6,20.4,40.1,89.4,5.8,1,2.8,0.3,9.6,310334,586051,"Pennsylvania","PA","PA-11",2020,FALSE,75.801995514361
752466,48.5,82.5,20.7,39.7,79,17.2,1,5.1,0,3,385227,600286,"Pennsylvania","PA","PA-12",2020,FALSE,79.7758304029684
765875,49.8,79.9,22.3,43.8,94.9,3.6,1.4,1.1,0.1,3.9,347253,603052,"Pennsylvania","PA","PA-13",2020,FALSE,78.7402644034601
753602,49.9,81.7,23.7,45.4,95.5,4.4,1.3,1.2,0.2,1.8,366274,609869,"Pennsylvania","PA","PA-14",2020,FALSE,80.9272002993623
750180,51,82.2,21.8,42.8,95.1,3,1.2,2,0,2.2,371235,605117,"Pennsylvania","PA","PA-15",2020,FALSE,80.6629075688501
761148,49.8,80.2,21.8,43.1,93.1,5.9,1,1.8,0,3,351827,603229,"Pennsylvania","PA","PA-16",2020,FALSE,79.2525238192835
749982,49.3,80.1,21.9,43.5,88.4,9.1,1,4.1,0,2.6,354565,585784,"Pennsylvania","PA","PA-17",2020,FALSE,78.1064078871226
536470,48.6,81.3,19.9,40.8,76.8,13.2,3.1,5.1,0.5,20.4,240603,398310,"Rhode Island","RI","RI-1",2020,FALSE,74.2464629895427
559492,49.1,81.6,18.9,40.8,82.7,8.5,1.9,4.5,0.2,15.7,246524,426485,"Rhode Island","RI","RI-2",2020,FALSE,76.2271846603705
776842,48.9,79,20.6,41.4,76.2,20.2,1.3,2.6,0.1,8,366452,588195,"South Carolina","SC","SC-1",2020,FALSE,75.7161687962288
755004,48.1,77.6,17.4,39.9,68.7,27.7,2.2,3,0.6,7.7,332588,561758,"South Carolina","SC","SC-2",2020,FALSE,74.4046389158203
768137,48.9,78.3,19.2,40.1,79.3,18.4,2.1,1.6,0.2,6.4,346492,586204,"South Carolina","SC","SC-3",2020,FALSE,76.3150323444906
767156,48.4,78.1,17.6,38.9,75.5,19.6,1.3,3.6,0.3,11.7,336588,562421,"South Carolina","SC","SC-4",2020,FALSE,73.3124683897408
771387,49.1,77,17.9,40.4,71.8,25.5,1.7,2.8,0.2,6.1,333011,571323,"South Carolina","SC","SC-5",2020,FALSE,74.0643801360407
755258,48.2,80.2,17.7,37.7,48.3,48.3,1.6,2.4,0.2,6.7,363574,580650,"South Carolina","SC","SC-6",2020,FALSE,76.8810128459414
779771,47.8,80.9,24.6,45.6,70.6,27.4,2.1,1.4,0.2,5.5,411622,614577,"South Carolina","SC","SC-7",2020,FALSE,78.8150623708756
919318,50.9,76.2,18.4,38.5,86.2,3.4,10.4,2.2,0.1,5.1,417187,683617,"South Dakota","SD","SD-1",2020,FALSE,74.3613200220163
788014,49.3,80.9,21.5,44.3,94.9,3,2.2,1.4,0.1,5.3,381185,621256,"Tennessee","TN","TN-1",2020,FALSE,78.8381932300695
806407,49.4,79.6,18.8,40.2,90.4,7.1,1,2.4,0.1,5.9,360354,620251,"Tennessee","TN","TN-2",2020,FALSE,76.915378958764
798804,49.4,79.3,19.5,41.1,85.5,11.5,1.8,1.8,0.2,6.6,355809,616788,"Tennessee","TN","TN-3",2020,FALSE,77.2139348325747
808625,49.4,77.1,16,38,85.8,10.4,2,3,0.3,9.1,334854,593490,"Tennessee","TN","TN-4",2020,FALSE,73.3949605812336
793338,49.1,76.5,15.7,38.5,79.5,14.3,2.2,5.5,0.6,9.9,349256,564016,"Tennessee","TN","TN-5",2020,FALSE,71.0940355813033
796534,49.9,78.2,17.5,39.2,86.1,10.3,1.9,1.7,0.1,8.3,360198,595832,"Tennessee","TN","TN-6",2020,FALSE,74.8030843630027
813590,49.1,78.4,14.4,35.6,79.7,17.9,1.8,3,0.1,8.5,372590,606813,"Tennessee","TN","TN-7",2020,FALSE,74.5846187883332
773599,48.6,77.6,19.6,41.4,79.1,19.1,1.6,2.3,0.1,3.9,336845,587408,"Tennessee","TN","TN-8",2020,FALSE,75.9318458271016
747578,47.3,74.7,14.3,34.5,29.9,63.8,1.2,2.8,0.1,9.9,344079,523797,"Tennessee","TN","TN-9",2020,FALSE,70.0658660367212
785535,49.4,76.1,18.4,39.2,76.6,18.6,2.4,1.6,0.2,17.8,343560,564217,"Texas","TX","TX-1",2020,FALSE,71.8258257111395
839055,49.5,71.8,12.5,36.3,71.6,14.8,2.2,6.6,0.2,33.7,316378,524198,"Texas","TX","TX-2",2020,FALSE,62.4748079684884
872647,49.6,74,12.3,38,68.7,13.1,1.8,15.3,0.1,16.8,313768,579508,"Texas","TX","TX-3",2020,FALSE,66.4080664919492
845835,49.8,76.3,14.6,38.8,71.8,10.5,2.8,15.6,0.2,15,350194,574612,"Texas","TX","TX-4",2020,FALSE,67.9342897846507
827361,49.8,74,14.3,36.4,70.2,16.7,3.3,6,0.4,32.8,305963,537396,"Texas","TX","TX-5",2020,FALSE,64.9530253420212
814151,50.5,73.8,13.2,35.2,70,15.8,2.6,4.2,0.5,36.4,303174,516405,"Texas","TX","TX-6",2020,FALSE,63.4286514418087
809564,49.9,78.6,11.7,34.4,48.1,23.3,2.3,20.8,0.2,31.7,364941,484490,"Texas","TX","TX-7",2020,FALSE,59.8457935382502
868181,51,74.8,12.7,36.5,70,13.3,3.1,7.5,0.3,32.8,328848,572956,"Texas","TX","TX-8",2020,FALSE,65.9949941314081
764812,48,75.9,13.4,35.6,35.6,38.1,3.2,10.8,0.3,40,313396,460153,"Texas","TX","TX-9",2020,FALSE,60.1655047253443
817807,50,77.5,15.3,37,76.3,11.4,2.2,6.9,0.2,26.3,339892,577479,"Texas","TX","TX-10",2020,FALSE,70.6131153193846
790592,50.8,73.5,14.1,34.7,72.8,14.8,2.5,3,0.5,40.7,352347,533578,"Texas","TX","TX-11",2020,FALSE,67.4909434955072
849835,48.7,75.9,13.5,35.5,73.5,16.2,2.2,5.9,0.3,24.1,340032,598975,"Texas","TX","TX-12",2020,FALSE,70.4813287285179
790888,50.5,77.2,15.2,35.6,82.7,8.3,3,3.6,0.4,29.6,341886,570219,"Texas","TX","TX-13",2020,FALSE,72.0985778011552
778849,50.7,76.1,15.8,38.2,72.8,17.4,2.5,3.5,0.1,27.2,340946,554013,"Texas","TX","TX-14",2020,FALSE,71.1322733931738
799844,50.1,71.8,13.6,32.9,86.4,1.5,1.8,1.5,0.2,81.4,294722,463509,"Texas","TX","TX-15",2020,FALSE,57.9499252354209
766538,49.7,75.1,13.9,34.4,73.2,4.8,3,2.4,0.3,82.2,295571,496782,"Texas","TX","TX-16",2020,FALSE,64.8085287356922
800590,50.1,76.9,15,36.2,76.2,16.7,2.9,3.4,0.1,25.7,338592,570857,"Texas","TX","TX-17",2020,FALSE,71.3045379032963
788066,49,73.6,10.5,32.9,43.3,34.7,3.2,5.7,0.3,43.6,322958,470602,"Texas","TX","TX-18",2020,FALSE,59.716064390546
771186,51.2,75.5,14.8,34.6,83,7.5,2.9,1.8,0.4,39,337689,548536,"Texas","TX","TX-19",2020,FALSE,71.1288846011209
768443,49.2,76.1,12.6,34,72.4,8.4,4.8,5,0.3,71,311302,519935,"Texas","TX","TX-20",2020,FALSE,67.6608414677471
839290,48.7,79.1,19.2,41,86.2,4.6,2.8,3.8,0.2,32.5,366476,628896,"Texas","TX","TX-21",2020,FALSE,74.931906730689
852846,48.9,72.5,14.1,38.2,62.5,15.9,1.8,16.5,0.3,28.4,318092,539008,"Texas","TX","TX-22",2020,FALSE,63.2010937496336
786734,51.5,73,13.1,34.9,77.2,6,2.9,3.9,0.4,63,296521,520043,"Texas","TX","TX-23",2020,FALSE,66.101503176423
784279,48.3,74.7,15.5,38.5,78.2,9.4,1.7,10.3,0.8,18.5,307617,536775,"Texas","TX","TX-24",2020,FALSE,68.4418427625883
813686,50.1,75.9,16.2,37.8,75.3,14.7,2.5,4.2,0.3,23.8,330113,573068,"Texas","TX","TX-25",2020,FALSE,70.4286420068675
854717,49.6,76.1,12.9,38.8,71.8,12.4,2.1,12,0.2,19.8,324929,589140,"Texas","TX","TX-26",2020,FALSE,68.9280779486076
779431,50.4,76.2,17.3,38.3,83.9,5.3,2.4,2.4,0.1,54.9,344626,550045,"Texas","TX","TX-27",2020,FALSE,70.5700697046948
799580,49.1,72.2,12.4,33.4,78.6,6,2.1,1.5,0.1,75.8,291031,495433,"Texas","TX","TX-28",2020,FALSE,61.9616548688061
740677,51.5,72.1,10.5,33,54.8,16.2,3,2.5,0.4,74.9,268649,391241,"Texas","TX","TX-29",2020,FALSE,52.8220803400133
772920,48.1,76.2,12.3,34.6,39.5,45.2,2.1,3.7,0.1,35.1,323780,513386,"Texas","TX","TX-30",2020,FALSE,66.4216219013611
868119,49.7,75.6,15,37.3,77.2,10.4,2.6,8.5,0.5,24.6,335707,606467,"Texas","TX","TX-31",2020,FALSE,69.8598924801784
762001,50.2,77.9,11.1,32.8,58,21.5,2.5,9.4,0,37.4,352122,476522,"Texas","TX","TX-32",2020,FALSE,62.5356134703235
734551,50.5,74.5,10.1,33.3,51.7,18,2.8,10.2,0.2,59.1,289539,371751,"Texas","TX","TX-33",2020,FALSE,50.6092837665458
778323,49.2,71,13.2,32.1,87.5,0.8,1.2,1,0.1,90.6,285385,445413,"Texas","TX","TX-34",2020,FALSE,57.2272693984374
834055,51.7,77,10,32.8,70,15.2,3.4,5,0.6,52.7,351242,569151,"Texas","TX","TX-35",2020,FALSE,68.2390250043462
789655,49.1,75.1,14.6,37.3,68.5,13.4,3,4.7,0.2,33,321875,537815,"Texas","TX","TX-36",2020,FALSE,68.1075912898671
765870,51.4,83.3,12,36.5,76,7.3,2.4,12.3,0.3,27.9,403836,570141,"Texas","TX","TX-37",2020,FALSE,74.4435739746954
796788,49.6,74.2,15,38.3,68.2,13.2,3,11,0.2,29,327110,517083,"Texas","TX","TX-38",2020,FALSE,64.8959321676531
855830,50.3,73.4,12,32.1,91.4,2.2,1.7,3.7,0.7,14.5,319463,598117,"Utah","UT","UT-1",2020,FALSE,69.887360807637
857385,51.3,74.4,14.5,34.5,83.2,1.9,2.5,3.9,1.8,19.8,341990,587146,"Utah","UT","UT-2",2020,FALSE,68.4810207782968
818995,50.6,74.4,12.9,31.2,88.4,1.6,3,4.6,1.7,13.2,310043,574249,"Utah","UT","UT-3",2020,FALSE,70.1163010763191
885524,50.5,68.7,9.5,31.1,87.8,2.8,2.2,3.7,2.6,16.4,287033,567699,"Utah","UT","UT-4",2020,FALSE,64.1088214435747
647464,49.9,82.3,22.2,43.7,95.6,2.5,1.7,2.7,0.2,2.5,341357,523322,"Vermont","VT","VT-1",2020,FALSE,80.8264243262946
814127,48.5,78,20.1,41.6,77.1,15.3,1.4,7.8,0.3,6.4,347425,605832,"Virginia","VA","VA-1",2020,FALSE,74.4149254354665
789864,49.2,78,17.1,39.7,67.7,26.2,1.7,7.7,0.5,7.5,337616,596869,"Virginia","VA","VA-2",2020,FALSE,75.5660468131223
773212,48.7,77.8,14.9,34.7,48.9,48.3,2.4,4.5,0.6,9.3,342418,583088,"Virginia","VA","VA-3",2020,FALSE,75.4111420929836
796240,48.6,80.6,16.7,37.7,49.8,44.2,1.7,3.2,0.5,10.1,358678,606763,"Virginia","VA","VA-4",2020,FALSE,76.203531598513
798327,48.4,80.9,21.3,41.8,76.2,21.6,1.7,2.9,0.2,4.5,369469,628014,"Virginia","VA","VA-5",2020,FALSE,78.6662608179355
794509,48.9,79.7,20.5,41,85.6,9.8,1.7,2.4,0.1,8.6,353708,605387,"Virginia","VA","VA-6",2020,FALSE,76.1963678196219
814164,50.4,75.1,13.5,37.5,62.7,24.7,1.7,6.9,0.3,19.3,294366,561097,"Virginia","VA","VA-7",2020,FALSE,68.9169503932869
769124,49.2,79.6,14.5,38.2,65.7,14.7,2.2,15.2,0.2,19.8,352131,529805,"Virginia","VA","VA-8",2020,FALSE,68.8842111285046
776692,50.4,82.1,22.7,44.2,91.8,6.8,1.5,1.8,0.1,3.5,388460,626171,"Virginia","VA","VA-9",2020,FALSE,80.6202458632251
805856,50.3,74.5,12.9,38.6,68.8,10.7,1.4,18.9,0.3,18.1,278789,529848,"Virginia","VA","VA-10",2020,FALSE,65.749712107374
783583,50.5,77.5,15.1,39,61.1,11.2,1.4,25.2,0.2,15.3,294565,524197,"Virginia","VA","VA-11",2020,FALSE,66.897444176303
786950,50.8,78.2,12.9,37.4,68.7,3.9,2.4,26.2,0.9,11.1,328188,503992,"Washington","WA","WA-1",2020,FALSE,64.0437130694453
781299,50.1,81.2,21.1,40.4,80.5,4.9,3.3,10.2,1.1,12.1,354874,587733,"Washington","WA","WA-2",2020,FALSE,75.2251058813591
792906,49.6,77.8,18.5,40.3,87.8,3.2,2.9,6,1.7,11.9,329678,587816,"Washington","WA","WA-3",2020,FALSE,74.1343866738302
786057,50.6,73,16.1,35.5,78,2.3,4.8,3,0.3,41.5,304349,498969,"Washington","WA","WA-4",2020,FALSE,63.4774577416142
788598,50.5,79.3,18.7,38.7,90.3,3.5,3.7,4.1,0.8,9.2,342795,604374,"Washington","WA","WA-5",2020,FALSE,76.6390480320772
785859,49.8,81.6,22.5,42.5,86,5.4,5.2,7.6,1.5,9.7,362468,616921,"Washington","WA","WA-6",2020,FALSE,78.5027594008594
773546,51.7,85.2,14.3,36.5,74.8,7.1,2,18.9,0.7,9.9,404129,585795,"Washington","WA","WA-7",2020,FALSE,75.7285281030475
778099,50.8,76.1,15.9,40,79.8,4.3,3.5,15.4,1.3,12,306378,544528,"Washington","WA","WA-8",2020,FALSE,69.9818403570754
765854,49.7,79.5,14.9,38,52.6,16.1,2.9,27.7,2.7,14.7,315519,511329,"Washington","WA","WA-9",2020,FALSE,66.7658587668146
773712,50,77.5,16.3,37.3,75.9,11.6,3.7,12.7,3.2,14,313183,562660,"Washington","WA","WA-10",2020,FALSE,72.7221498438696
866374,49.5,79.9,22.9,44.1,95.5,4.7,1.8,0.9,0,1.3,437800,688071,"West Virginia","WV","WV-1",2020,FALSE,79.4196270894556
903697,50.3,80.3,20.1,41.4,94.4,4.7,1.4,1.3,0.1,3,425956,716306,"West Virginia","WV","WV-2",2020,FALSE,79.2639568350896
730388,50,78.6,18.6,40.6,87.1,8.6,1.9,2.8,0.3,13.3,326366,553175,"Wisconsin","WI","WI-1",2020,FALSE,75.7371424503141
747345,50.4,80.2,16.7,37.4,87,6.2,1.3,6.1,0.1,7.2,346601,568424,"Wisconsin","WI","WI-2",2020,FALSE,76.0591159370839
739552,50.6,79.5,19.8,40.1,94.2,2,1.4,3,0.2,3.8,338840,579582,"Wisconsin","WI","WI-3",2020,FALSE,78.3693371121977
719795,48.2,75.8,13.8,34.3,55.8,34.7,2.3,6.2,0.1,19.2,332399,504014,"Wisconsin","WI","WI-4",2020,FALSE,70.0218812300725
746152,49.7,79.4,20.7,43,93.2,2.8,0.8,3.9,0.1,6,323383,578486,"Wisconsin","WI","WI-5",2020,FALSE,77.5292433713238
738802,50.8,79.9,20.8,42.7,93,3.4,1.5,3.3,0.1,6,340672,580013,"Wisconsin","WI","WI-6",2020,FALSE,78.5072319782567
747209,50.7,79.6,23,45.3,95.1,1.4,3.4,2.2,0.2,3,425605,587028,"Wisconsin","WI","WI-7",2020,FALSE,78.5627582108888
741712,50.2,78.4,19.7,41.5,90.9,3,4.1,3.2,0.1,6.7,353522,567833,"Wisconsin","WI","WI-8",2020,FALSE,76.5570733654033
584057,50.6,77.7,19.2,39.3,92.5,1.6,4.5,1.7,0.2,10.8,280119,442989,"Wyoming","WY","WY-1",2020,FALSE,75.8468779588294
