County,d12_amt,d12_pct,r12_amt,r12_pct,r16_amt,r16_pct,rreg16_pct,d16_amt,d16_pct,dreg16_pct,o16_amt,o16_pct,oreg16_pct,CAINC416,d20_amt,d20_pct,dreg20_pct,r20_amt,r20_pct,rreg20_pct,o20_amt,o20_pct,oreg20_pct,CAINC420,dreg24_pct,rreg24_pct,oreg24_pct,CAINC422,hispanic16_pct,black16_pct,white16_pct,hispanic20_pct,black20_pct,white20_pct,hispanic24_pct,black24_pct,white24_pct
Alamance,28875,0.43,38170,0.56,38815,0.55,0.2784,29833,0.42,0.3320,2509,0.04,0.3897,0.034,38825,0.451,0.3321,46056,0.535,0.3093,1210,0.014,0.3586,0.079,0.3185,0.3199,0.3616,0.038,0.0231,0.1738,0.6092,0.0371,0.1845,0.6058,0.0059,0.2061,0.6417
Alexander,4611,0.27,12253,0.71,13893,0.76,0.4172,3767,0.21,0.2549,611,0.03,0.3279,0.04,4145,0.2048,0.1901,15888,0.7851,0.4537,203,0.0101,0.3562,0.089,0.1548,0.4868,0.3583,0.03,0.0089,0.0391,0.8816,0.0137,0.0365,0.8415,0.0016,0.0377,0.8728
Alleghany,1583,0.31,3390,0.67,3814,0.72,0.3100,1306,0.25,0.3423,195,0.04,0.3477,0.009,1486,0.2446,0.2614,4527,0.7451,0.3661,63,0.0103,0.3724,0.074,0.2043,0.4259,0.3698,0.044,0.0205,0.0102,0.8655,0.0228,0.0092,0.8186,0.0021,0.0095,0.8819
Anson,7019,0.62,4166,0.37,4506,0.43,0.1474,5859,0.56,0.7182,180,0.02,0.1345,0.022,5789,0.5172,0.6126,5321,0.4753,0.1779,84,0.0075,0.2095,0.057,0.5104,0.1995,0.2901,0.012,0.0035,0.4627,0.4523,0.0051,0.4100,0.4035,0.0014,0.3927,0.4197
Ashe,4116,0.33,8242,0.65,9412,0.7,0.3897,3500,0.26,0.2747,512,0.04,0.3356,-0.026,4164,0.2633,0.2177,11451,0.7241,0.4339,199,0.0126,0.3484,0.046,0.1775,0.4573,0.3652,0.058,0.0085,0.0051,0.8953,0.0115,0.0053,0.8638,0.0009,0.0058,0.9179
Avery,1882,0.24,5766,0.74,6298,0.76,0.5487,1689,0.2,0.1166,262,0.03,0.3347,0.035,2191,0.2317,0.1117,7172,0.7583,0.5661,95,0.01,0.3222,0.083,0.0988,0.5685,0.3327,0.022,0.0065,0.0073,0.9015,0.0071,0.0057,0.8659,0.0014,0.0053,0.9041
Beaufort,9435,0.4,13977,0.59,14543,0.61,0.3081,8764,0.37,0.3985,631,0.03,0.2934,0.027,9633,0.3661,0.3437,16437,0.6246,0.3501,245,0.0093,0.3061,0.114,0.2889,0.3790,0.3321,0.026,0.0090,0.2409,0.6748,0.0141,0.2230,0.6660,0.0020,0.2046,0.6986
Bertie,6695,0.66,3387,0.33,3456,0.37,0.1205,5778,0.62,0.8079,113,0.01,0.0716,0.026,5939,0.6051,0.6883,3817,0.3889,0.1302,59,0.006,0.1814,0.073,0.5852,0.1398,0.2750,-0.005,0.0020,0.6729,0.3961,0.0031,0.6104,0.3626,0.0013,0.5522,0.3612
Bladen,8062,0.51,7748,0.49,8550,0.54,0.1467,7058,0.44,0.5836,289,0.02,0.2697,-0.015,7326,0.4278,0.4251,9676,0.565,0.2073,123,0.0072,0.3676,0.045,0.3798,0.2458,0.3744,0.005,0.0128,0.3640,0.5700,0.0196,0.3411,0.5426,0.0042,0.3216,0.5466
Brunswick,22038,0.38,34743,0.61,42720,0.63,0.2524,23282,0.34,0.1930,2349,0.03,0.5547,-0.016,33310,0.3694,0.1950,55850,0.6194,0.3305,1015,0.0112,0.4745,0.091,0.2008,0.4063,0.3929,-0.008,0.0071,0.0639,0.5847,0.0101,0.0618,0.6570,0.0018,0.0663,0.8317
Buncombe,70625,0.55,54701,0.43,55716,0.4,0.2201,75452,0.54,0.3609,7779,0.06,0.4190,0.093,96515,0.5974,0.3599,62412,0.3863,0.2219,2642,0.0163,0.4181,0.128,0.3426,0.2112,0.4461,0.069,0.0140,0.0527,0.7985,0.0191,0.0501,0.7820,0.0052,0.0490,0.8269
Burke,13701,0.37,22267,0.61,26238,0.67,0.3402,11251,0.29,0.3187,1431,0.04,0.3411,0.045,13118,0.2941,0.2537,31019,0.6955,0.3799,465,0.0104,0.3664,0.055,0.2035,0.4050,0.3915,0.053,0.0111,0.0578,0.8623,0.0166,0.0532,0.8017,0.0023,0.0520,0.8307
Cabarrus,32849,0.39,49557,0.59,53819,0.58,0.3047,35521,0.38,0.2556,3949,0.04,0.4397,0.031,52162,0.445,0.2781,63237,0.5394,0.3267,1828,0.0156,0.3952,0.092,0.2768,0.3254,0.3978,0.014,0.0237,0.1430,0.6109,0.0345,0.1703,0.5907,0.0047,0.2055,0.6155
Caldwell,10898,0.31,23229,0.67,26621,0.73,0.4453,8425,0.23,0.2722,1274,0.04,0.2825,0.063,10245,0.2392,0.2052,32119,0.7499,0.4830,465,0.0109,0.3118,0.098,0.1656,0.4945,0.3399,0.054,0.0120,0.0525,0.9125,0.0167,0.0491,0.8455,0.0024,0.0465,0.8365
Camden,1508,0.32,3109,0.66,3546,0.71,0.2674,1274,0.25,0.2855,186,0.04,0.4471,0.023,1537,0.2582,0.2002,4312,0.7243,0.3360,104,0.0175,0.4638,0.078,0.1545,0.3841,0.4614,0.012,0.0034,0.1262,0.7184,0.0041,0.1106,0.7425,0.0019,0.1077,0.8147
Carteret,10301,0.29,24775,0.7,26569,0.7,0.3797,9939,0.26,0.2216,1273,0.03,0.3986,0.039,12093,0.2832,0.1750,30028,0.7033,0.4145,574,0.0135,0.4105,0.083,0.1586,0.4599,0.3815,0.057,0.0078,0.0474,0.8212,0.0091,0.0380,0.7569,0.0025,0.0385,0.8655
Caswell,5348,0.48,5594,0.51,6026,0.54,0.2340,4792,0.43,0.5260,252,0.02,0.2400,0.044,4860,0.4033,0.4423,7089,0.5882,0.2564,102,0.0085,0.3013,0.082,0.3723,0.2913,0.3364,0.032,0.0071,0.3449,0.6234,0.0108,0.3089,0.5900,0.0032,0.2907,0.6216
Catawba,24069,0.35,44538,0.64,48324,0.67,0.3848,21216,0.29,0.2361,2811,0.04,0.3791,0.028,25689,0.3079,0.1991,56588,0.6783,0.4137,1148,0.0138,0.3872,0.054,0.1757,0.4314,0.3929,-0.016,0.0195,0.0819,0.7592,0.0308,0.0778,0.7263,0.0029,0.0780,0.7704
Chatham,18361,0.52,16665,0.47,17105,0.43,0.2069,21065,0.53,0.3272,1679,0.04,0.4659,0.038,26787,0.5512,0.3377,21186,0.4359,0.2260,626,0.0129,0.4362,0.075,0.3387,0.2358,0.4256,0.039,0.0197,0.1019,0.6390,0.0287,0.0959,0.6615,0.0042,0.0945,0.7299
Cherokee,3378,0.26,9278,0.72,10844,0.76,0.4073,2860,0.2,0.2683,477,0.03,0.3244,0.078,3583,0.2182,0.1741,12628,0.7689,0.4503,212,0.0129,0.3756,0.087,0.1341,0.5195,0.3464,0.062,0.0068,0.0104,0.9420,0.0079,0.0097,0.8652,0.0014,0.0104,0.9305
Chowan,3556,0.47,3891,0.52,4014,0.56,0.2469,2992,0.41,0.4830,222,0.03,0.2701,0.005,3247,0.4171,0.4013,4471,0.5744,0.2801,66,0.0085,0.3187,0.085,0.3354,0.3098,0.3548,0.02,0.0034,0.3067,0.6489,0.0065,0.2876,0.6145,0.0026,0.2676,0.6536
Clay,1579,0.28,3973,0.7,4437,0.74,0.3529,1367,0.23,0.2169,206,0.03,0.4302,0.011,1699,0.2465,0.1589,5112,0.7416,0.4142,82,0.0119,0.4269,0.073,0.1343,0.4925,0.3732,0.018,0.0050,0.0048,0.8511,0.0065,0.0042,0.8278,0.0012,0.0043,0.9392
Cleveland,17062,0.39,25793,0.6,28479,0.64,0.2907,14964,0.34,0.3819,1230,0.03,0.3274,0.01,16955,0.3305,0.3292,33798,0.6587,0.3627,555,0.0108,0.3081,0.123,0.2791,0.3900,0.3309,0.023,0.0077,0.1985,0.6746,0.0102,0.1952,0.6673,0.0035,0.1935,0.6884
Columbus,11050,0.46,12941,0.53,14272,0.6,0.1765,9063,0.38,0.5681,397,0.02,0.2554,0.009,9446,0.3572,0.4510,16832,0.6365,0.2598,168,0.0063,0.2892,0.079,0.3543,0.3039,0.3417,0.017,0.0056,0.3052,0.6116,0.0085,0.2880,0.5917,0.0024,0.2776,0.5977
Craven,18763,0.41,26928,0.58,27731,0.59,0.3132,17630,0.38,0.3218,1640,0.03,0.3650,0.019,21148,0.3985,0.2801,31032,0.5848,0.3426,885,0.0167,0.3773,0.079,0.2534,0.3710,0.3756,-0.005,0.0181,0.2061,0.6485,0.0219,0.1878,0.6277,0.0036,0.1833,0.6944
Cumberland,75792,0.59,50666,0.4,51265,0.4,0.2140,71605,0.56,0.4341,4636,0.04,0.3520,0.011,84469,0.574,0.4394,60032,0.408,0.2374,2649,0.018,0.3232,0.065,0.3904,0.2275,0.3821,0.012,0.0458,0.3814,0.4178,0.0585,0.3972,0.4077,0.0096,0.3910,0.3962
Currituck,3562,0.32,7496,0.66,9163,0.72,0.2687,2913,0.23,0.1666,593,0.05,0.5646,0.002,4195,0.2598,0.1463,11657,0.7219,0.3598,295,0.0183,0.4939,0.085,0.1339,0.4232,0.4428,-0.001,0.0056,0.0411,0.6845,0.0067,0.0439,0.7531,0.0031,0.0500,0.8633
Dare,7393,0.41,10248,0.57,11460,0.58,0.2605,7222,0.37,0.2719,927,0.05,0.4676,0.053,9936,0.41,0.2227,13938,0.5752,0.2930,358,0.0148,0.4842,0.116,0.2179,0.3473,0.4348,0.081,0.0064,0.0169,0.8199,0.0075,0.0156,0.7877,0.0019,0.0166,0.9031
Davidson,20624,0.29,49383,0.7,54317,0.73,0.4083,18109,0.24,0.2299,2430,0.03,0.3618,0.068,22636,0.2557,0.1999,64658,0.7305,0.4612,1220,0.0138,0.3389,0.094,0.1779,0.4807,0.3414,0.057,0.0121,0.0830,0.7586,0.0184,0.0859,0.7429,0.0023,0.0933,0.7870
Davie,5735,0.28,14687,0.71,15602,0.72,0.4523,5270,0.24,0.1713,884,0.04,0.3765,0.033,6713,0.2652,0.1543,18228,0.7202,0.4903,370,0.0146,0.3555,0.085,0.1394,0.5079,0.3527,0.021,0.0123,0.0594,0.7850,0.0170,0.0565,0.7737,0.0025,0.0588,0.8389
Duplin,9033,0.44,11416,0.55,12217,0.59,0.2515,8283,0.4,0.4457,356,0.02,0.3027,0.022,8767,0.386,0.3903,13793,0.6072,0.2857,155,0.0068,0.3240,0.065,0.3232,0.3184,0.3583,0.04,0.0394,0.2843,0.5833,0.0511,0.2607,0.5557,0.0043,0.2521,0.5763
Durham,111224,0.76,33769,0.23,28350,0.18,0.1190,121250,0.78,0.5161,6534,0.04,0.3649,-0.031,144688,0.8042,0.5303,32459,0.1804,0.1077,2767,0.0154,0.3620,0.05,0.5116,0.0960,0.3924,0.012,0.0302,0.3440,0.4576,0.0401,0.3170,0.4467,0.0114,0.2999,0.4745
Edgecombe,18310,0.68,8546,0.32,8261,0.33,0.1705,16224,0.65,0.7551,401,0.02,0.0744,0.045,16089,0.6315,0.6432,9206,0.3613,0.1811,182,0.0072,0.1758,0.052,0.5561,0.1897,0.2542,0.03,0.0086,0.6444,0.3861,0.0126,0.5723,0.3408,0.0030,0.5325,0.3386
Forsyth,92323,0.53,79768,0.46,75975,0.43,0.2778,94464,0.53,0.3843,7873,0.04,0.3378,0.005,113033,0.5616,0.3895,85064,0.4226,0.2784,3173,0.0158,0.3321,0.076,0.3565,0.2632,0.3803,-0.015,0.0276,0.2553,0.5947,0.0396,0.2513,0.5808,0.0057,0.2432,0.5928
Franklin,13436,0.47,14603,0.51,16368,0.54,0.2399,12874,0.42,0.3387,1126,0.04,0.4214,0.021,15879,0.4251,0.3169,20901,0.5596,0.2786,571,0.0153,0.4045,0.063,0.3099,0.3127,0.3774,0.035,0.0148,0.2114,0.5345,0.0219,0.2046,0.5303,0.0036,0.2264,0.6271
Gaston,33171,0.37,56138,0.62,61798,0.64,0.3328,31177,0.32,0.2832,3456,0.04,0.3840,0.045,40959,0.3546,0.2648,73033,0.6323,0.3726,1506,0.0131,0.3625,0.116,0.2546,0.3841,0.3612,0.051,0.0178,0.1440,0.6757,0.0258,0.1533,0.6492,0.0042,0.1799,0.6855
Gates,2786,0.52,2564,0.48,2874,0.53,0.2044,2385,0.44,0.5590,133,0.02,0.2366,0.031,2546,0.4264,0.4633,3367,0.5639,0.2351,58,0.0097,0.3016,0.096,0.3962,0.2687,0.3351,0.032,0.0038,0.3474,0.6296,0.0053,0.3109,0.5948,0.0051,0.2893,0.6253
Graham,1119,0.28,2750,0.7,3283,0.79,0.4482,768,0.18,0.3215,117,0.03,0.2303,0.024,905,0.194,0.2246,3710,0.7953,0.4724,50,0.0107,0.3030,0.047,0.1653,0.5133,0.3214,0.006,0.0072,0.0006,0.9532,0.0035,0.0008,0.8850,0.0008,0.0014,0.9064
Granville,13598,0.52,12405,0.47,13591,0.5,0.2208,12909,0.47,0.4564,853,0.03,0.3228,-0.019,14565,0.4609,0.4219,16647,0.5268,0.2581,386,0.0123,0.3199,0.062,0.3717,0.2755,0.3529,-0.034,0.0149,0.2984,0.5634,0.0206,0.2855,0.5472,0.0048,0.2677,0.5468
Greene,3778,0.46,4411,0.54,4374,0.54,0.1835,3605,0.45,0.6034,116,0.01,0.2130,0.051,3832,0.4378,0.5006,4874,0.5568,0.2221,47,0.0054,0.2772,0.074,0.4168,0.2368,0.3465,0.025,0.0275,0.3923,0.5869,0.0393,0.3612,0.5489,0.0021,0.3332,0.5416
Guilford,146365,0.58,104789,0.41,98062,0.38,0.2444,149248,0.58,0.4309,10095,0.04,0.3247,-0.005,173086,0.6084,0.4330,107294,0.3772,0.2421,4106,0.0144,0.3249,0.076,0.3995,0.2308,0.3697,-0.019,0.0204,0.3238,0.5297,0.0290,0.3277,0.5036,0.0069,0.3307,0.5027
Halifax,17176,0.66,8763,0.34,9031,0.36,0.1292,15748,0.63,0.7174,388,0.02,0.1534,0.01,15545,0.6035,0.6395,10080,0.3913,0.1395,134,0.0052,0.2210,0.063,0.5542,0.1365,0.3093,0.023,0.0061,0.5751,0.4223,0.0071,0.5395,0.3959,0.0036,0.5082,0.3811
Harnett,17331,0.4,25565,0.59,27614,0.6,0.2761,16737,0.36,0.2942,1714,0.04,0.4297,0.015,22093,0.379,0.2858,35177,0.6035,0.3297,1023,0.0175,0.3845,0.05,0.2663,0.3599,0.3738,-0.006,0.0300,0.1803,0.5439,0.0430,0.1853,0.5412,0.0061,0.2000,0.6147
Haywood,11833,0.42,15633,0.56,18929,0.62,0.2778,10473,0.34,0.3652,1325,0.04,0.3569,0.022,13144,0.3597,0.3011,22834,0.6249,0.3366,564,0.0154,0.3622,0.091,0.2489,0.3537,0.3974,0.024,0.0068,0.0099,0.8915,0.0092,0.0099,0.8949,0.0022,0.0103,0.9208
Henderson,18642,0.36,32994,0.63,35809,0.62,0.3411,19827,0.34,0.1987,2540,0.04,0.4602,0.045,27211,0.398,0.1955,40032,0.5855,0.3567,1128,0.0165,0.4478,0.065,0.1906,0.3575,0.4519,0.033,0.0177,0.0260,0.8226,0.0232,0.0261,0.8151,0.0043,0.0267,0.8655
Hertford,7843,0.72,3007,0.28,3099,0.3,0.1023,6910,0.68,0.7895,177,0.02,0.1082,0.06,7097,0.6674,0.7241,3479,0.3272,0.1114,58,0.0054,0.1645,0.056,0.6129,0.1181,0.2690,0.045,0.0051,0.6719,0.3572,0.0072,0.6497,0.3304,0.0043,0.5905,0.3222
Hoke,10076,0.59,6819,0.4,7760,0.43,0.1871,9726,0.53,0.4234,744,0.04,0.3895,0.001,11804,0.5455,0.4046,9453,0.4369,0.2085,382,0.0176,0.3869,0.08,0.3783,0.2204,0.4013,-0.027,0.0473,0.3431,0.3987,0.0598,0.3429,0.3648,0.0066,0.3607,0.3812
Hyde,1163,0.49,1193,0.5,1288,0.56,0.1667,965,0.42,0.6413,51,0.02,0.1920,0.015,1046,0.4197,0.4803,1418,0.569,0.1851,28,0.0113,0.3346,0.099,0.4115,0.2248,0.3637,0.003,0.0063,0.2592,0.7880,0.0106,0.2008,0.7123,0.0025,0.1748,0.7498
Iredell,26076,0.34,49299,0.65,54754,0.66,0.3345,24734,0.3,0.2139,3079,0.04,0.4516,0.012,33888,0.331,0.2021,67010,0.6546,0.3814,1473,0.0144,0.4164,0.033,0.1920,0.4129,0.3951,-0.038,0.0169,0.0950,0.6687,0.0239,0.0967,0.6866,0.0031,0.1088,0.7715
Jackson,8095,0.48,8254,0.49,9870,0.53,0.2461,7713,0.41,0.3476,1130,0.06,0.4063,0.036,9591,0.4476,0.3148,11356,0.53,0.2763,481,0.0224,0.4089,0.097,0.2700,0.2848,0.4451,0.065,0.0135,0.0227,0.8015,0.0205,0.0224,0.7861,0.0057,0.0205,0.8058
Johnston,27290,0.36,48427,0.63,54372,0.63,0.2846,28362,0.33,0.2378,3175,0.04,0.4776,0.043,41257,0.3705,0.2500,68353,0.6138,0.3429,1747,0.0157,0.4072,0.089,0.2504,0.3667,0.3829,0.029,0.0228,0.1203,0.5722,0.0380,0.1379,0.6002,0.0039,0.1685,0.6634
Jones,2352,0.45,2837,0.54,2974,0.58,0.2450,2065,0.4,0.5166,96,0.02,0.2384,0.062,2197,0.3976,0.4226,3280,0.5937,0.3002,48,0.0087,0.2771,0.11,0.3285,0.3299,0.3416,0.059,0.0103,0.3393,0.6426,0.0103,0.3119,0.6073,0.0037,0.2758,0.6092
Lee,10801,0.45,13158,0.54,13712,0.55,0.2460,10469,0.42,0.3625,903,0.04,0.3914,-0.006,12143,0.4186,0.3379,16469,0.5677,0.2884,396,0.0137,0.3736,0.005,0.3022,0.3070,0.3907,-0.032,0.0473,0.1848,0.6004,0.0674,0.1805,0.5953,0.0067,0.1830,0.6365
Lenoir,13948,0.5,13980,0.5,13613,0.51,0.2458,12634,0.47,0.5568,560,0.02,0.1975,0.024,13605,0.4789,0.4790,14590,0.5136,0.2661,214,0.0075,0.2549,0.079,0.4113,0.2756,0.3131,0.026,0.0119,0.4289,0.5405,0.0166,0.3971,0.4884,0.0034,0.3822,0.4869
Lincoln,11024,0.3,25267,0.69,28806,0.72,0.3444,9897,0.25,0.2080,1320,0.03,0.4476,0.009,13274,0.2643,0.1775,36341,0.7237,0.4256,602,0.012,0.3969,0.076,0.1672,0.4759,0.3569,0.022,0.0165,0.0450,0.7164,0.0226,0.0457,0.7374,0.0023,0.0542,0.8373
Macon,5712,0.34,10835,0.64,12127,0.68,0.3511,4876,0.28,0.2364,731,0.04,0.4125,0.038,6230,0.3003,0.1995,14211,0.6851,0.4063,302,0.0146,0.3942,0.098,0.1684,0.4371,0.3944,0.076,0.0076,0.0061,0.8442,0.0132,0.0062,0.8513,0.0023,0.0071,0.9151
Madison,4484,0.44,5404,0.53,6783,0.6,0.2484,3926,0.35,0.3864,560,0.05,0.3652,0.024,4901,0.3748,0.3360,7979,0.6102,0.2733,196,0.015,0.3907,0.104,0.2771,0.2849,0.4381,0.011,0.0061,0.0107,0.9118,0.0094,0.0101,0.8698,0.0026,0.0076,0.8895
Martin,6583,0.52,5995,0.47,5897,0.49,0.2006,5846,0.49,0.6307,221,0.02,0.1687,0.018,5911,0.4714,0.5363,6532,0.5209,0.2134,97,0.0077,0.2503,0.08,0.4493,0.2160,0.3347,0.039,0.0059,0.4528,0.5584,0.0082,0.4082,0.5194,0.0032,0.3742,0.5202
McDowell,6031,0.33,11775,0.65,14568,0.73,0.3529,4667,0.23,0.2834,640,0.03,0.3636,0.028,5832,0.2535,0.2191,16883,0.7339,0.4125,288,0.0126,0.3684,0.072,0.1735,0.4426,0.3840,0.033,0.0084,0.0286,0.8979,0.0137,0.0265,0.8748,0.0041,0.0271,0.9021
Mecklenburg,272262,0.61,171668,0.38,155518,0.33,0.2067,294562,0.62,0.3789,22777,0.05,0.4144,0.035,378107,0.6668,0.4126,179211,0.316,0.2059,9735,0.0172,0.3815,0.057,0.3963,0.1938,0.4099,-0.026,0.0325,0.2797,0.4776,0.0449,0.2944,0.4829,0.0062,0.2995,0.5016
Mitchell,1838,0.24,5806,0.75,6282,0.78,0.6058,1596,0.2,0.1049,218,0.03,0.2893,0.049,1867,0.2065,0.0984,7090,0.7842,0.5891,84,0.0093,0.3125,0.088,0.0916,0.5761,0.3323,0.052,0.0073,0.0027,0.9652,0.0088,0.0029,0.8749,0.0014,0.0039,0.8961
Montgomery,4706,0.42,6404,0.57,7130,0.62,0.2792,4150,0.36,0.4194,260,0.02,0.3014,0.003,4327,0.3368,0.3569,8411,0.6546,0.3453,111,0.0086,0.2978,0.078,0.2789,0.3751,0.3461,0.014,0.0220,0.1992,0.6772,0.0352,0.1842,0.6675,0.0027,0.1685,0.6930
Moore,16505,0.36,29495,0.64,30490,0.63,0.3424,16329,0.34,0.2148,1873,0.04,0.4428,-0.012,20779,0.3562,0.2103,36764,0.6302,0.3935,796,0.0136,0.3962,0.089,0.1928,0.4128,0.3944,0.023,0.0113,0.1050,0.6961,0.0178,0.1017,0.7427,0.0032,0.0956,0.8015
Nash,24313,0.5,23842,0.49,23319,0.49,0.2678,23235,0.49,0.4835,1111,0.02,0.2487,0.019,25947,0.4964,0.4535,25827,0.4941,0.2840,497,0.0095,0.2624,0.086,0.3864,0.2824,0.3311,0.053,0.0139,0.3744,0.5253,0.0195,0.3772,0.4902,0.0041,0.3766,0.4906
New Hanover,48668,0.47,53385,0.52,55344,0.49,0.2834,50979,0.46,0.2897,5582,0.05,0.4269,0.011,66138,0.5017,0.2817,63331,0.4804,0.2941,2361,0.0179,0.4242,0.074,0.2705,0.2945,0.4350,0.022,0.0143,0.1178,0.7141,0.0171,0.1087,0.6995,0.0046,0.1017,0.7576
Northampton,7232,0.67,3483,0.32,3582,0.36,0.1092,6144,0.62,0.8246,122,0.01,0.0662,0.046,6069,0.6003,0.6924,3989,0.3946,0.1188,52,0.0051,0.1888,0.085,0.5788,0.1245,0.2967,0.039,0.0026,0.6619,0.4338,0.0039,0.5919,0.4010,0.0015,0.5327,0.3897
Onslow,18490,0.36,32243,0.63,37122,0.65,0.2803,17514,0.31,0.2178,2499,0.04,0.5020,0.013,24266,0.3359,0.1974,46078,0.6379,0.3354,1891,0.0262,0.4671,0.046,0.1763,0.3781,0.4456,-0.018,0.0369,0.1434,0.5626,0.0456,0.1401,0.5822,0.0067,0.1483,0.6743
Orange,53901,0.7,21539,0.28,18557,0.23,0.1525,59923,0.73,0.4760,3860,0.05,0.3715,0.021,63594,0.7482,0.4612,20176,0.2374,0.1320,1227,0.0144,0.4067,0.071,0.4502,0.1207,0.4290,0.015,0.0308,0.1181,0.7522,0.0333,0.1039,0.6707,0.0099,0.1048,0.6847
Pamlico,2647,0.39,4051,0.6,4258,0.62,0.2914,2448,0.36,0.3824,164,0.02,0.3262,0.044,2713,0.3555,0.3043,4849,0.6354,0.3531,69,0.0091,0.3426,0.064,0.2595,0.4094,0.3311,0.042,0.0058,0.1704,0.7201,0.0078,0.1458,0.6996,0.0017,0.1362,0.7774
Pasquotank,10282,0.57,7633,0.42,8180,0.47,0.1886,8615,0.5,0.4289,596,0.03,0.3825,0.015,9832,0.4941,0.3721,9770,0.491,0.2239,295,0.0149,0.4039,0.065,0.3405,0.2567,0.4027,0.001,0.0071,0.3424,0.5121,0.0097,0.3118,0.5046,0.0054,0.3178,0.5554
Pender,9632,0.39,14617,0.6,17639,0.63,0.2881,9354,0.34,0.2545,892,0.03,0.4574,0.029,11723,0.3431,0.2324,21956,0.6426,0.3513,490,0.0143,0.4163,0.093,0.2078,0.4059,0.3863,0.008,0.0121,0.1276,0.6145,0.0180,0.1187,0.6454,0.0029,0.1126,0.7695
Perquimans,2759,0.41,3822,0.57,4177,0.62,0.2481,2319,0.35,0.3990,212,0.03,0.3529,0.054,2492,0.333,0.3041,4903,0.6551,0.2972,89,0.0119,0.3987,0.089,0.2646,0.3518,0.3835,0.048,0.0040,0.2240,0.6999,0.0037,0.1892,0.6523,0.0022,0.1808,0.7303
Person,8418,0.44,10496,0.55,11185,0.57,0.2329,7833,0.4,0.4372,597,0.03,0.3299,0.049,8465,0.3866,0.3935,13184,0.6022,0.2732,245,0.0112,0.3333,0.085,0.3269,0.3024,0.3706,0.017,0.0094,0.2584,0.6474,0.0132,0.2486,0.6191,0.0034,0.2469,0.6469
Pitt,41843,0.53,36214,0.46,35691,0.44,0.2476,41824,0.52,0.4477,3012,0.04,0.3047,0.016,47252,0.5396,0.4173,38982,0.4451,0.2491,1339,0.0153,0.3336,0.076,0.3765,0.2469,0.3766,-0.004,0.0173,0.3329,0.5628,0.0217,0.3253,0.5154,0.0056,0.3227,0.5201
Polk,4013,0.39,6236,0.6,6768,0.62,0.3237,3735,0.34,0.2677,431,0.04,0.4086,0.029,4518,0.3656,0.2344,7689,0.6222,0.3552,151,0.0122,0.4104,0.078,0.2091,0.3790,0.4119,0.022,0.0107,0.0436,0.8569,0.0126,0.0385,0.8405,0.0022,0.0341,0.8845
Randolph,14773,0.24,45160,0.74,49430,0.77,0.4671,13194,0.2,0.2039,1951,0.03,0.3290,0.028,15618,0.213,0.1746,56894,0.776,0.5060,804,0.011,0.3195,0.071,0.1499,0.5195,0.3305,0.064,0.0235,0.0598,0.8343,0.0311,0.0591,0.7866,0.0023,0.0636,0.8072
Richmond,9904,0.51,9332,0.48,10383,0.54,0.1961,8501,0.44,0.5931,444,0.02,0.2108,0.022,8754,0.4216,0.4753,11830,0.5698,0.2413,179,0.0086,0.2833,0.072,0.3942,0.2714,0.3344,0.022,0.0116,0.3475,0.6430,0.0144,0.3225,0.5844,0.0021,0.3046,0.5805
Robeson,24988,0.58,17510,0.41,20762,0.51,0.1219,19016,0.47,0.6470,1080,0.03,0.2311,0,19020,0.4031,0.5443,27806,0.5893,0.1598,362,0.0076,0.2959,0.086,0.4260,0.1941,0.3798,0.024,0.0141,0.2776,0.2989,0.0225,0.2624,0.2743,0.0063,0.2503,0.2646
Rockingham,16351,0.39,25227,0.6,26830,0.63,0.3231,14228,0.34,0.3745,1220,0.03,0.3024,0.008,15992,0.3345,0.3223,31301,0.6547,0.3746,516,0.0108,0.3031,0.09,0.2691,0.4018,0.3290,-0.009,0.0113,0.1896,0.7206,0.0149,0.1790,0.6817,0.0028,0.1780,0.6994
Rowan,22650,0.36,38775,0.62,42810,0.67,0.3799,19400,0.3,0.2887,2159,0.03,0.3314,0.014,23114,0.3149,0.2525,49297,0.6715,0.4142,997,0.0136,0.3333,0.079,0.2224,0.4280,0.3495,0.006,0.0152,0.1672,0.7319,0.0217,0.1566,0.6883,0.0035,0.1568,0.7206
Rutherford,9374,0.33,18954,0.66,21871,0.72,0.3428,7512,0.25,0.3324,924,0.03,0.3248,0.023,9135,0.2653,0.2546,24891,0.723,0.4025,403,0.0117,0.3430,0.079,0.2002,0.4370,0.3627,0.028,0.0105,0.0966,0.8059,0.0138,0.0886,0.7781,0.0025,0.0849,0.8130
Sampson,11566,0.44,14422,0.55,14838,0.57,0.3497,10547,0.41,0.4273,543,0.02,0.2231,0.011,10966,0.3832,0.3724,17411,0.6084,0.3816,241,0.0084,0.2460,0.079,0.3181,0.4070,0.2750,0.016,0.0370,0.2967,0.5894,0.0539,0.2727,0.5619,0.0032,0.2583,0.5752
Scotland,8215,0.58,5831,0.41,6256,0.45,0.1639,7319,0.53,0.5881,353,0.03,0.2480,-0.029,7186,0.4864,0.4963,7473,0.5058,0.1915,116,0.0078,0.3122,0.07,0.4222,0.2173,0.3605,0.005,0.0078,0.4083,0.4896,0.0082,0.3731,0.4343,0.0046,0.3591,0.4309
Stanly,8431,0.29,19904,0.69,21964,0.73,0.3855,7094,0.24,0.2511,859,0.03,0.3634,-0.005,8129,0.2395,0.2094,25458,0.7501,0.4403,352,0.0104,0.3503,0.092,0.1804,0.4791,0.3406,0.001,0.0057,0.0950,0.7498,0.0102,0.0945,0.7225,0.0015,0.1052,0.7684
Stokes,6018,0.28,15237,0.7,17116,0.76,0.4508,4665,0.21,0.2448,769,0.03,0.3045,0.045,5286,0.2057,0.1886,20144,0.7837,0.4967,273,0.0106,0.3147,0.082,0.1500,0.5301,0.3199,0.037,0.0082,0.0406,0.8687,0.0095,0.0363,0.8248,0.0024,0.0370,0.8582
Surry,9112,0.31,19923,0.68,23671,0.74,0.3883,7488,0.23,0.2999,1037,0.03,0.3118,0.02,8721,0.238,0.2335,27538,0.7516,0.4438,379,0.0104,0.3227,0.062,0.1824,0.4745,0.3431,0.011,0.0190,0.0372,0.8570,0.0314,0.0363,0.8204,0.0021,0.0345,0.8460
Swain,2618,0.46,2976,0.52,3565,0.58,0.2635,2196,0.36,0.4103,363,0.06,0.3262,0.012,2780,0.3933,0.3359,4161,0.5887,0.2953,127,0.018,0.3688,0.085,0.2693,0.3197,0.4110,0.018,0.0051,0.0121,0.8191,0.0071,0.0123,0.7535,0.0031,0.0102,0.7563
Transylvania,6826,0.41,9634,0.57,10520,0.59,0.3068,6558,0.37,0.2616,791,0.04,0.4316,0.031,8444,0.4138,0.2355,11636,0.5703,0.3248,324,0.0159,0.4397,0.073,0.2105,0.3212,0.4683,0.011,0.0064,0.0353,0.8766,0.0078,0.0309,0.8633,0.0029,0.0277,0.8879
Tyrrell,837,0.47,930,0.52,975,0.56,0.1475,720,0.41,0.6263,44,0.03,0.2262,0.08,758,0.4172,0.5047,1044,0.5746,0.1845,15,0.0082,0.3108,0.072,0.4120,0.2058,0.3822,0.048,0.0119,0.3401,0.6730,0.0157,0.2942,0.6114,0.0021,0.2721,0.6118
Union,32473,0.34,61107,0.65,66707,0.63,0.3446,34337,0.32,0.2167,4666,0.04,0.4387,0.097,48725,0.3719,0.2216,80382,0.6136,0.3798,1904,0.0145,0.3986,0.128,0.2188,0.3953,0.3860,-0.048,0.0270,0.1008,0.6577,0.0377,0.1048,0.6534,0.0046,0.1094,0.6775
Vance,13323,0.64,7429,0.36,7332,0.37,0.1523,12229,0.61,0.6969,416,0.02,0.1508,0.054,12431,0.592,0.6338,8391,0.3996,0.1710,177,0.0084,0.1952,0.068,0.5452,0.1843,0.2704,0.073,0.0130,0.5478,0.4506,0.0202,0.5193,0.4038,0.0037,0.4876,0.3974
Wake,267262,0.55,211596,0.44,196082,0.37,0.2203,302736,0.57,0.3100,28806,0.05,0.4697,0.017,393336,0.6225,0.3276,226197,0.358,0.2122,12297,0.0195,0.4602,0.081,0.3406,0.2101,0.4493,-0.012,0.0251,0.1648,0.5446,0.0338,0.1684,0.5609,0.0065,0.1783,0.6042
Warren,6978,0.69,3140,0.31,3214,0.33,0.1302,6413,0.65,0.7077,215,0.02,0.1621,0.047,6400,0.6218,0.6411,3752,0.3645,0.1623,141,0.0137,0.1966,0.077,0.5681,0.1809,0.2511,0.055,0.0038,0.5355,0.4008,0.0060,0.4950,0.3890,0.0033,0.4630,0.4174
Washington,3833,0.59,2622,0.4,2564,0.42,0.1360,3510,0.57,0.7296,91,0.01,0.1344,0.002,3396,0.5473,0.6420,2781,0.4482,0.1622,28,0.0045,0.1958,0.096,0.5485,0.1813,0.2702,-0.032,0.0053,0.5388,0.4918,0.0068,0.4972,0.4532,0.0018,0.4575,0.4504
Watauga,13002,0.47,13861,0.5,13697,0.46,0.3111,14138,0.47,0.2743,2150,0.07,0.4145,0.014,17122,0.5314,0.2612,14451,0.4485,0.2889,647,0.0201,0.4499,0.077,0.2484,0.2763,0.4753,-0.03,0.0205,0.0213,0.9305,0.0242,0.0198,0.8357,0.0104,0.0190,0.8616
Wayne,23314,0.45,27641,0.54,27540,0.54,0.3155,21770,0.43,0.4351,1379,0.03,0.2495,0.054,24215,0.436,0.3919,30709,0.5529,0.3343,613,0.0111,0.2739,0.073,0.3444,0.3431,0.3125,0.046,0.0253,0.3343,0.5786,0.0318,0.3186,0.5411,0.0048,0.3083,0.5489
Wilkes,8148,0.28,20515,0.7,23752,0.76,0.4867,6638,0.21,0.2288,906,0.03,0.2845,0.007,7511,0.2118,0.1808,27592,0.778,0.5247,363,0.0102,0.2946,0.066,0.1451,0.5496,0.3053,0.008,0.0130,0.0384,0.8862,0.0165,0.0358,0.8464,0.0025,0.0361,0.8719
Wilson,20875,0.53,17954,0.46,17531,0.46,0.2463,19663,0.52,0.5351,941,0.02,0.2185,0.007,20754,0.5095,0.4969,19581,0.4807,0.2529,400,0.0098,0.2502,0.058,0.4341,0.2545,0.3114,0.038,0.0175,0.4184,0.5234,0.0254,0.4093,0.4854,0.0029,0.3905,0.4868
Yadkin,3957,0.24,12578,0.75,13880,0.79,0.5241,3160,0.18,0.1682,584,0.03,0.3076,0.016,3763,0.1889,0.1385,15933,0.7997,0.5552,227,0.0114,0.3063,0.073,0.1118,0.5694,0.3188,0.007,0.0203,0.0298,0.8802,0.0299,0.0290,0.8375,0.0016,0.0289,0.8645
Yancey,3981,0.42,5278,0.56,6385,0.64,0.3369,3196,0.32,0.3626,379,0.04,0.3005,-0.001,3688,0.3249,0.3040,7516,0.6621,0.3648,148,0.013,0.3313,0.059,0.2499,0.3771,0.3730,0.022,0.0046,0.0060,0.9306,0.0062,0.0054,0.8827,0.0016,0.0053,0.9094